has_title,has_input,has_button,has_image,has_submit,has_link,has_password,has_email_input,has_hidden_element,has_audio,has_video,number_of_inputs,number_of_buttons,number_of_images,number_of_option,number_of_list,number_of_th,number_of_tr,number_of_href,number_of_paragraph,number_of_script,length_of_title,has_h1,has_h2,has_h3,length_of_text,number_of_clickable_button,number_of_a,number_of_img,number_of_div,number_of_figure,has_footer,has_form,has_text_area,has_iframe,has_text_input,number_of_meta,has_nav,has_object,has_picture,number_of_sources,number_of_span,number_of_table,URL,label
1,1,1,0,0,1,0,0,0,0,0,1,4,0,0,141,0,0,11,49,24,86,1,1,1,10351,4,72,73,35,0,1,1,0,0,1,18,1,0,0,0,13,0,https://ln.run/aPAju,1
1,0,0,0,0,0,0,0,0,0,0,0,0,0,0,0,0,0,0,0,0,30,0,0,0,283,0,0,0,8,0,0,0,0,0,0,2,0,0,0,0,0,0,https://universopt.art/,1
1,0,0,0,0,1,0,0,0,0,0,0,0,0,0,0,0,0,3,0,3,33,0,0,0,33,0,0,1,0,0,0,0,0,0,0,10,0,0,0,0,0,0,http://metammaskklogiun.webflow.io/,1
1,0,0,0,0,1,0,0,0,0,0,0,0,0,0,0,0,0,3,0,3,60,0,0,0,60,0,1,1,0,0,0,0,0,0,0,4,0,0,0,0,0,0,http://ttrezoorio-saitt.webflow.io/,1
1,1,1,0,0,1,0,1,0,0,0,3,2,0,0,1,0,0,8,1,63,14,0,0,0,131,1,2,1,75,0,0,1,0,0,1,16,1,0,1,0,11,0,https://snelsonkbl.wixstudio.com/my-site,1
1,0,0,0,0,1,0,0,0,0,0,0,0,0,0,0,0,0,7,0,9,62,0,0,0,62,0,0,0,1,0,0,0,0,0,0,22,0,0,0,0,0,0,https://myurl.world/5sn7QY,1
0,0,0,0,0,0,0,0,0,0,0,0,0,0,0,0,0,0,0,0,1,0,0,0,0,0,0,0,0,0,0,0,0,0,0,0,1,0,0,0,0,0,0,https://xzxzcewfwfe.blob.core.windows.net/dfchvbmhjk/tyktyudrfghfvc.html,1
1,0,0,0,0,1,0,0,0,0,0,0,0,0,0,1,0,0,1,1,1,4,1,0,0,170,0,2,1,5,0,0,0,0,0,0,14,0,0,0,0,2,0,https://wdgshdshgsq.carrd.co/,1
1,1,0,0,0,1,0,0,1,0,0,11,0,0,0,6,0,0,10,6,13,4,0,0,0,109,0,1,1,9,0,0,1,0,0,0,8,0,0,0,0,0,0,https://form.jotform.com/253111594920049,1
1,0,1,0,0,1,0,0,0,0,0,0,2,0,0,2,0,0,3,4,1,44,1,0,0,300,2,4,2,19,0,0,0,0,0,0,3,0,0,0,0,2,0,https://user8591.top/zbmt.php,1
1,0,1,0,0,1,0,0,0,0,0,0,2,0,0,2,0,0,3,4,1,44,1,0,0,300,2,4,2,19,0,0,0,0,0,0,3,0,0,0,0,2,0,https://wetransfer991.blob.core.windows.net/file4801204839123/index.html,1
1,1,1,0,0,1,1,0,0,0,0,8,3,0,0,2,0,0,6,0,4,13,0,0,0,414,0,5,1,44,0,0,1,0,0,1,3,0,0,0,0,10,0,https://wetransfer991.blob.core.windows.net/file4801204839123/webm.html,1
1,0,0,0,0,1,0,0,0,0,0,0,0,0,0,0,0,0,5,0,21,19,0,0,0,109,0,0,0,4,0,0,0,0,0,0,14,0,0,0,0,0,0,https://docs.google.com/presentation/d/e/2PACX-1vTVO11D-zzWs09u7tJJUl4FLjZn8TRXxUJ6uC4vV8qyGNqlhoXWNtztykpaKEcCTI15DqBq8BX2gmFS/pub,1
1,0,0,0,0,1,0,0,0,0,0,0,0,0,0,0,0,0,7,0,11,22,0,0,0,22,0,0,0,1,0,0,0,0,0,0,11,0,0,0,0,0,0,https://kullandelnb.click/,1
0,0,0,0,0,0,0,0,0,0,0,0,0,0,0,0,0,0,0,0,0,0,0,0,0,0,0,0,0,0,0,0,0,0,0,0,1,0,0,0,0,0,0,https://ch-nouvelle-info.surge.sh/,1
1,1,1,0,0,1,0,0,1,0,0,34,87,0,41,323,0,2,9,41,8,48,0,1,0,12999,87,244,11,319,1,1,1,0,0,1,9,1,0,0,0,201,1,https://ch-nouvelle-info.surge.sh/pages/region.html,1
1,1,1,0,0,1,1,0,0,0,0,2,2,0,0,39,0,0,8,22,12,16,0,1,0,1581,0,81,8,123,0,1,1,0,0,1,10,1,0,0,0,23,0,https://kullansalfa.click/,1
1,0,0,0,0,1,0,0,0,0,0,0,0,0,0,0,0,0,3,0,5,14,1,0,0,61,0,2,1,0,0,0,0,0,0,0,3,0,0,0,0,1,0,https://metamask-lloginn.webflow.io/,1
1,0,0,0,0,1,0,0,0,0,0,0,0,0,0,0,0,0,3,0,3,33,0,0,0,33,0,0,1,0,0,0,0,0,0,0,10,0,0,0,0,0,0,https://metammaskklogiun.webflow.io/,1
1,0,0,0,0,1,0,0,0,0,0,0,0,0,0,0,0,0,3,0,3,47,0,0,0,47,0,1,1,0,0,0,0,0,0,0,4,0,0,0,0,0,0,https://metammaklogio.webflow.io/,1
0,0,0,0,0,0,0,0,0,0,0,0,0,0,0,0,0,0,0,0,0,0,0,0,0,0,0,0,0,0,0,0,0,0,0,0,1,0,0,0,0,0,0,https://mabque-relation-info.surge.sh/,1
1,1,1,0,0,1,0,0,1,0,0,34,87,0,41,323,0,2,9,41,8,48,0,1,0,12999,87,244,11,319,1,1,1,0,0,1,9,1,0,0,0,201,1,https://mabque-relation-info.surge.sh/pages/region.html,1
1,0,0,0,0,1,0,0,0,0,0,0,0,0,0,0,0,0,3,0,3,35,1,0,0,75,0,1,1,0,0,0,0,0,0,0,4,0,0,0,0,0,0,https://matemskwaltin.webflow.io/,1
1,0,0,0,0,1,0,0,0,0,0,0,0,0,0,0,0,0,2,4,1,21,0,0,0,800,0,12,1,6,0,0,0,0,0,0,4,0,0,0,0,0,0,https://is.gd/aLeEZ3,1
1,0,0,0,0,1,0,0,0,0,0,0,0,0,0,0,0,0,3,0,3,60,0,0,0,60,0,1,1,0,0,0,0,0,0,0,4,0,0,0,0,0,0,https://ttrezoorio-saitt.webflow.io/,1
1,0,0,0,0,1,0,0,0,0,0,0,0,0,0,0,0,0,7,0,11,22,0,0,0,22,0,0,0,1,0,0,0,0,0,0,11,0,0,0,0,0,0,https://compte-public.id-finances.parti-auth.com/,1
1,0,0,0,0,1,0,0,0,0,0,0,0,0,0,0,0,0,7,0,11,22,0,0,0,22,0,0,0,1,0,0,0,0,0,0,11,0,0,0,0,0,0,https://www.compte-public.id-finances.parti-auth.com/,1
1,0,0,0,0,1,0,0,0,0,0,0,0,0,0,0,0,0,1,0,1,4,0,1,0,31,0,1,1,2,0,0,0,0,0,0,2,0,0,0,0,0,0,https://uppdatemailbox.netlify.app/,1
1,0,0,0,0,0,0,0,0,0,0,0,0,0,0,0,0,0,0,6,2,21,0,0,1,1062,0,1,2,8,0,0,0,0,0,0,8,0,0,0,0,0,0,https://free-ad-credit.surge.sh/,1
0,0,0,0,0,0,0,0,0,0,0,0,0,0,0,0,0,0,0,0,0,0,0,0,0,0,0,0,0,0,0,0,0,0,0,0,1,0,0,0,0,0,0,https://fghgsdgsfdderzerzerezrezrzer.s3.eu-north-1.amazonaws.com/KHJHG.html,1
1,1,0,0,1,0,0,0,1,0,0,10,0,0,0,0,0,1,0,1,6,6,0,0,0,188,0,18,1,12,0,0,1,0,0,0,2,0,0,0,0,8,1,http://brennerdentalny.com/?fDvBh5xTYS,1
1,1,0,0,1,0,0,0,1,0,0,10,0,0,0,0,0,1,0,1,6,6,0,0,0,188,0,18,1,12,0,0,1,0,0,0,2,0,0,0,0,8,1,http://cote-marais.com/?vybGTj0J1l,1
1,1,0,0,1,0,0,0,1,0,0,10,0,0,0,0,0,1,0,1,6,6,0,0,0,188,0,18,1,12,0,0,1,0,0,0,2,0,0,0,0,8,1,http://boom-bip.com/?2UxlY09HjF,1
0,0,0,0,0,0,0,0,0,0,0,0,0,0,0,0,0,0,0,0,1,0,0,0,0,0,0,0,0,0,0,0,0,0,0,0,0,0,0,0,0,0,0,https://ebukanewpages.blob.core.windows.net/ebukanewpages/ebukanewpages.html,1
0,0,0,0,0,0,0,0,0,0,0,0,0,0,0,0,0,0,0,0,1,0,0,0,0,0,0,0,0,0,0,0,0,0,0,0,0,0,0,0,0,0,0,https://ebukanewpages.blob.core.windows.net/ebukanewpages/ebukanewpages.html?eta=info@mup.cz,1
1,1,0,0,1,1,0,1,0,0,0,3,0,0,0,0,0,0,3,0,3,10,0,0,0,130,0,0,3,8,0,0,1,0,0,1,3,0,0,0,0,0,0,https://btbusiness-d60f9c.webflow.io/,1
1,1,0,0,1,1,1,1,0,0,0,3,0,0,0,0,0,0,3,0,3,15,1,0,0,159,0,0,3,8,0,0,1,0,0,0,3,0,0,0,0,0,0,https://my-bt-business-6b30c2.webflow.io/,1
1,1,0,0,1,1,0,1,0,0,0,3,0,0,0,0,0,0,3,0,3,18,0,0,0,222,0,1,3,6,0,0,1,0,0,1,3,0,0,0,0,0,0,https://my-bt-business-app-ff8fba.webflow.io/,1
1,1,0,0,1,1,0,1,0,0,0,3,0,0,0,0,0,0,3,0,3,10,0,0,0,130,0,0,3,10,0,0,1,0,0,1,3,0,0,0,0,0,0,https://btbusiness-267203.webflow.io/,1
1,1,0,0,1,1,0,1,0,0,0,3,0,0,0,0,0,0,3,0,3,10,0,0,0,171,0,0,3,8,0,0,1,0,0,1,3,0,0,0,0,0,0,https://btbusiness-c34548.webflow.io/,1
1,1,0,0,1,0,0,0,1,0,0,10,0,0,0,0,0,1,0,1,6,6,0,0,0,188,0,18,1,12,0,0,1,0,0,0,2,0,0,0,0,8,1,http://makerz.nl/wp-content/plugins/hello-dolly/W9ueyZKwxhhAq7kJmXogC1zEgU3FbH4p/,1
1,0,0,0,0,1,0,0,0,0,0,0,0,0,0,0,0,0,4,0,1,69,0,0,0,261,0,1,0,6,0,0,0,0,0,0,1,0,0,0,0,0,0,https://novobamcoempresas-pt.pro:443/,1
1,0,0,0,0,1,0,0,0,0,0,0,0,0,0,0,0,0,4,0,1,69,0,0,0,261,0,1,0,6,0,0,0,0,0,0,1,0,0,0,0,0,0,http://novobamcoempresas-pt.pro/,1
1,1,0,0,1,0,0,0,1,0,0,10,0,0,0,0,0,1,0,1,6,6,0,0,0,188,0,18,1,12,0,0,1,0,0,0,2,0,0,0,0,8,1,https://mircopucci.it/wp-content/2wlB5xFwgjM2SBPbvaz2NRCQtMAl6BnZ/?id=c26678a366428d87af25dda7d7be1b77&email,1
1,1,1,0,0,1,0,0,0,0,0,1,1,0,0,1,0,0,22,0,49,15,1,0,0,69,0,3,3,24,0,0,0,0,0,1,14,0,0,0,0,1,0,http://blocfk-filogin.gitbook.io/,1
1,0,0,0,0,1,0,0,0,0,0,0,0,0,0,0,0,0,3,0,3,47,0,0,0,47,0,1,1,0,0,0,0,0,0,0,4,0,0,0,0,0,0,https://maltmaklogins.webflow.io/,1
1,0,0,0,0,1,0,0,0,0,0,0,0,0,0,0,0,0,3,0,3,47,0,0,0,47,0,1,1,0,0,0,0,0,0,0,4,0,0,0,0,0,0,http://maltmaklogins.webflow.io/,1
1,0,0,0,0,1,0,0,0,0,0,0,0,0,0,15,0,0,3,40,11,58,1,1,1,8988,0,32,12,160,0,1,0,0,1,0,10,1,0,0,0,3,0,http://booking-com-ab7c31.webflow.io/,1
1,0,0,0,0,1,0,0,0,0,0,0,0,0,0,15,0,0,3,40,11,58,1,1,1,8988,0,32,12,160,0,1,0,0,1,0,10,1,0,0,0,3,0,https://booking-com-ab7c31.webflow.io/,1
1,0,0,0,0,1,0,0,0,0,0,0,0,0,0,0,0,0,13,0,14,16,0,0,0,16,0,0,0,1,0,0,0,0,0,0,7,0,0,0,0,0,0,https://us18.list-manage.com/survey?u=30ae2641ce2e7a3e0d40e0f00&id=c1bd277d14&attribution=false,1
1,0,0,0,0,1,0,0,0,0,0,0,0,0,0,0,0,0,9,1,31,7,0,0,0,41,0,1,0,29,0,0,0,0,0,0,10,0,0,0,0,3,0,https://link-1762690952.allvaluelink.com/Mybtmil,1
1,0,0,0,0,1,0,0,0,0,0,0,0,0,0,0,0,0,6,2,5,4,0,1,0,125,0,1,2,21,0,0,0,0,0,0,13,0,0,0,0,1,0,https://iubjgxqqzmyh.myfunnelish.com/,1
1,0,0,0,0,0,0,0,0,0,0,0,0,0,0,0,0,0,0,2,1,29,1,0,0,274,0,2,0,4,0,1,0,0,0,0,4,0,0,0,0,0,0,https://vpass-jp.grgym.cn/?convert=jhz2v958lE0AzMqNeiAzcfO8,1
1,0,0,0,0,0,0,0,0,0,0,0,0,0,0,0,0,0,0,2,1,29,1,0,0,274,0,2,0,4,0,1,0,0,0,0,4,0,0,0,0,0,0,https://vpass-jp.cdvda.cn/?convert=zlyMUVQpMVtlomBfCh12vehN,1
1,0,0,0,0,0,0,0,0,0,0,0,0,0,0,0,0,0,0,2,1,29,1,0,0,274,0,2,0,4,0,1,0,0,0,0,4,0,0,0,0,0,0,https://www3-vpass.cjmvx.cn/?convert=r8w4eq1hBe6InnEqY2Px7vUx,1
1,0,0,0,0,0,0,0,0,0,0,0,0,0,0,0,0,0,0,2,1,29,1,0,0,274,0,2,0,4,0,1,0,0,0,0,4,0,0,0,0,0,0,https://vpass-jp.jmdda.cn/?reward=p4ICWnDBUK6VJp4lMe0kLiUn,1
1,0,0,0,0,0,0,0,0,0,0,0,0,0,0,0,0,0,0,2,1,29,1,0,0,274,0,2,0,4,0,1,0,0,0,0,4,0,0,0,0,0,0,https://vpass-jp.jguaq.cn/?convert=8vqPVf9sWTKESMH00mRYTtXy,1
1,0,0,0,0,0,0,0,0,0,0,0,0,0,0,0,0,0,0,2,1,29,1,0,0,274,0,2,0,4,0,1,0,0,0,0,4,0,0,0,0,0,0,https://vpass-jp.xtnfg.cn/?convert=hM0pIlWU1BRUiZ2FwIyJqcI4,1
1,1,0,0,0,1,0,0,1,0,0,5,0,0,0,0,0,0,7,1,12,19,0,0,0,200,0,3,2,19,0,1,0,0,0,0,6,0,0,0,0,2,0,https://dgb.li/examplebt,1
1,1,1,0,0,1,0,0,0,0,0,1,29,0,0,195,0,0,26,214,25,60,1,0,1,19933,1,357,147,452,0,1,0,0,1,0,63,1,0,1,5,197,0,https://peageimpaye-vinci.com/,1
1,1,1,0,0,1,0,0,0,0,0,1,29,0,0,195,0,0,26,214,25,60,1,0,1,19775,1,357,147,453,0,1,0,0,1,0,63,1,0,1,5,194,0,https://peageimpaye-vinci.com/as.php,1
1,1,1,0,0,1,0,0,0,0,0,1,29,0,0,195,0,0,26,214,25,60,1,0,1,19775,1,357,147,453,0,1,0,0,1,0,63,1,0,1,5,194,0,https://vincipeages-impaye-fr.com/,1
1,1,1,0,0,1,0,0,0,0,0,1,29,0,0,195,0,0,26,214,25,60,1,0,1,19775,1,357,147,453,0,1,0,0,1,0,63,1,0,1,5,194,0,https://vincipeages-impaye-fr.com/as.php,1
1,1,0,0,1,0,0,0,1,0,0,10,0,0,0,0,0,1,0,1,6,6,0,0,0,188,0,18,1,12,0,0,1,0,0,0,2,0,0,0,0,8,1,https://www.illiquido.it/wp-content/J9KQfSKQtAi2He3yjnHoFFcXAAyHwVgc/?id=fabd3a22bd3c6243db27b6e7fe86bc5a&email,1
1,1,0,0,1,0,0,0,1,0,0,10,0,0,0,0,0,1,0,1,6,6,0,0,0,188,0,18,1,12,0,0,1,0,0,0,2,0,0,0,0,8,1,https://mircopucci.it/wp-content/2wlB5xFwgjM2SBPbvaz2NRCQtMAl6BnZ/?id=7092037085076006a4efc463ac276695&email,1
0,0,0,0,0,0,0,0,0,0,0,0,0,0,0,0,0,0,0,0,0,0,0,0,0,0,0,0,0,0,0,0,0,0,0,0,0,0,0,0,0,0,0,https://gomxuanhoa.com/wp-content/themes/,1
1,1,0,0,1,0,0,0,1,0,0,10,0,0,0,0,0,1,0,1,6,6,0,0,0,188,0,18,1,12,0,0,1,0,0,0,2,0,0,0,0,8,1,https://mircopucci.it/wp-content/2wlB5xFwgjM2SBPbvaz2NRCQtMAl6BnZ/?id=fcb957167e1a25fa906b8cd390338adb&email,1
1,1,0,0,1,0,0,0,1,0,0,10,0,0,0,0,0,1,0,1,6,6,0,0,0,188,0,18,1,12,0,0,1,0,0,0,2,0,0,0,0,8,1,https://www.illiquido.it/wp-content/J9KQfSKQtAi2He3yjnHoFFcXAAyHwVgc/?id=350229041dab4f48ec12c50c0aeffaf0&email,1
1,1,0,0,1,0,0,0,1,0,0,10,0,0,0,0,0,1,0,1,6,6,0,0,0,188,0,18,1,12,0,0,1,0,0,0,2,0,0,0,0,8,1,https://southernhighlandsindoorplanthire.com.au/wp-content/plugins/elementor/h/BPivMXDDLlqTDdGFRo6n0gpER85K18M3/?id=822d020d097f74429950bdc837a01caa&email,1
1,0,1,0,0,0,0,0,0,0,0,0,1,0,0,0,0,0,0,0,1,32,0,0,0,166,0,4,3,12,0,0,0,0,0,0,2,0,0,0,0,2,0,https://center-exodus-backup.vercel.app/,1
1,1,1,0,0,1,0,0,0,0,0,1,52,0,64,17,0,0,6,139,15,126,0,0,0,8447,51,89,395,880,0,1,1,0,1,1,31,1,0,0,0,334,0,https://hometeroka.com/?page=,1
1,0,0,0,0,1,0,0,0,0,0,0,0,0,0,0,0,0,7,0,9,4,0,0,0,16,0,1,0,2,0,0,0,0,0,0,7,0,0,0,0,0,0,https://share-eu1.hsforms.com/1MZtFhNbdRq2o5Z9XQABzTA2fnqn4,1
1,0,0,0,0,1,0,0,0,0,0,0,0,0,0,0,0,0,7,0,9,4,0,0,0,16,0,1,0,2,0,0,0,0,0,0,7,0,0,0,0,0,0,https://share-eu1.hsforms.com/1bYxgzGzQRDq_NgrNaCZbfg2fnm8u,1
1,0,0,0,0,1,0,0,0,0,0,0,0,0,0,0,0,0,13,0,14,16,0,0,0,16,0,0,0,1,0,0,0,0,0,0,7,0,0,0,0,0,0,https://us3.list-manage.com/survey?u=9ac49c4cd2cc19c61dafc6580&id=947303cfe8&attribution=false,1
0,0,0,0,0,0,0,0,0,0,0,0,0,0,0,0,0,0,0,0,0,0,0,0,0,610,0,0,0,0,0,0,0,0,0,0,0,0,0,0,0,0,0,https://us6.campaign-archive.com/?u=5487c8bf79f61f8622922d16c&id=ab3e6a5389,1
0,0,0,0,0,0,0,0,0,0,0,0,0,0,0,0,0,0,0,0,0,0,0,0,0,610,0,0,0,0,0,0,0,0,0,0,0,0,0,0,0,0,0,https://us17.campaign-archive.com/?u=2f599139a9ee34510dbec24d5&id=6825981ff1,1
1,0,0,0,0,0,0,0,0,0,0,0,0,0,0,0,0,0,0,2,1,29,1,0,0,274,0,2,0,4,0,1,0,0,0,0,4,0,0,0,0,0,0,https://vpass-jp.pgerz.cn/?convert=SVMavHcWEss0xSxodamxbwea,1
1,0,0,0,0,0,0,0,0,0,0,0,0,0,0,0,0,0,0,2,1,29,1,0,0,274,0,2,0,4,0,1,0,0,0,0,4,0,0,0,0,0,0,https://vpass-jp.tcfob.cn/?convert=QSBrEqHlhXPXjAkxC4rCEr4U,1
1,0,0,0,0,1,0,0,0,0,0,0,0,0,0,0,0,0,1,0,0,17,0,0,0,116,0,1,0,5,0,0,0,0,0,0,5,0,0,0,0,1,0,https://mysaiban.com/Upgrade.update.login/sso.login/login2.php,1
1,0,0,0,0,1,0,0,0,0,0,0,0,0,14,0,0,0,10,1,19,12,1,0,0,228,0,3,1,52,0,0,0,0,0,0,13,0,0,0,0,2,0,https://viewbroadbandee.sellfy.store/,1
1,0,0,0,0,0,0,0,0,0,0,0,0,0,0,0,0,0,0,2,1,29,1,0,0,274,0,2,0,4,0,1,0,0,0,0,4,0,0,0,0,0,0,https://www3-vpass-jp.zzdiou.com/,1
1,0,0,0,0,0,0,0,0,0,0,0,0,0,0,0,0,0,0,2,1,29,1,0,0,274,0,2,0,4,0,1,0,0,0,0,4,0,0,0,0,0,0,http://www3-vpass.changshitou.com/,1
1,0,0,0,0,0,0,0,0,0,0,0,0,0,0,0,0,0,0,2,1,29,1,0,0,274,0,2,0,4,0,1,0,0,0,0,4,0,0,0,0,0,0,https://www3-vpass.sxhbqy.com/,1
1,0,0,0,0,0,0,0,0,0,0,0,0,0,0,0,0,0,0,2,1,29,1,0,0,274,0,2,0,4,0,1,0,0,0,0,4,0,0,0,0,0,0,https://www3-vpass.xinsft.com/,1
1,0,0,0,0,0,0,0,0,0,0,0,0,0,0,0,0,0,0,2,1,29,1,0,0,274,0,2,0,4,0,1,0,0,0,0,4,0,0,0,0,0,0,https://www3-vpass.sffwjd.com/,1
1,0,0,0,0,0,0,0,0,0,0,0,0,0,0,0,0,0,0,2,1,29,1,0,0,274,0,2,0,4,0,1,0,0,0,0,4,0,0,0,0,0,0,https://www3-vpass.jnrhsk.com/,1
1,0,0,0,0,0,0,0,0,0,0,0,0,0,0,0,0,0,0,2,1,29,1,0,0,274,0,2,0,4,0,1,0,0,0,0,4,0,0,0,0,0,0,https://www3-vpass.szgztdyf.com/,1
1,0,0,0,0,0,0,0,0,0,0,0,0,0,0,0,0,0,0,2,1,29,1,0,0,274,0,2,0,4,0,1,0,0,0,0,4,0,0,0,0,0,0,https://www3-vpass.bainuohb.com/,1
1,0,0,0,0,0,0,0,0,0,0,0,0,0,0,0,0,0,0,2,1,29,1,0,0,274,0,2,0,4,0,1,0,0,0,0,4,0,0,0,0,0,0,https://www3-vpass.ttqiancheng.com/,1
1,0,0,0,0,0,0,0,0,0,0,0,0,0,0,0,0,0,0,2,1,29,1,0,0,274,0,2,0,4,0,1,0,0,0,0,4,0,0,0,0,0,0,https://www3-vpass.yunshuzixun.com/,1
1,0,0,0,0,0,0,0,0,0,0,0,0,0,0,0,0,0,0,2,1,29,1,0,0,274,0,2,0,4,0,1,0,0,0,0,4,0,0,0,0,0,0,https://www3-vpass.rongecds.com/,1
1,0,0,0,0,0,0,0,0,0,0,0,0,0,0,0,0,0,0,2,1,29,1,0,0,274,0,2,0,4,0,1,0,0,0,0,4,0,0,0,0,0,0,https://www3-vpass.xhtxrj.com/,1
1,0,0,0,0,0,0,0,0,0,0,0,0,0,0,0,0,0,0,2,1,29,1,0,0,274,0,2,0,4,0,1,0,0,0,0,4,0,0,0,0,0,0,https://www3-vpass.hnbngdh.com/,1
1,0,0,0,0,0,0,0,0,0,0,0,0,0,0,0,0,0,0,2,1,29,1,0,0,274,0,2,0,4,0,1,0,0,0,0,4,0,0,0,0,0,0,https://www3-vpass.zhongfanghong.com/,1
1,1,1,0,0,1,0,0,0,0,0,2,3,0,0,6,0,0,3,0,3,14,0,0,0,505,2,15,3,82,0,0,1,0,1,1,7,1,0,0,0,18,0,https://cnuionone.vercel.app/,1
1,0,0,0,0,0,0,0,0,0,0,0,0,0,0,0,0,0,0,2,1,29,1,0,0,274,0,2,0,4,0,1,0,0,0,0,4,0,0,0,0,0,0,https://vpass-jp.naaer.cn/?convert=7CAqzdIW7JaY2CCa052sM7M7,1
1,0,0,0,0,1,0,0,0,0,0,0,0,0,0,0,0,0,8,0,2,29,0,0,1,29,0,0,0,1,0,0,0,0,0,0,10,0,0,0,0,0,0,https://domain-united-de.blogspot.mx/,1
1,1,1,0,0,1,0,0,0,0,0,1,29,0,0,195,0,0,26,214,25,60,1,0,1,19775,1,357,147,453,0,1,0,0,1,0,63,1,0,1,5,194,0,https://peage-fr-vinci.com/,1
1,1,1,0,0,1,0,0,0,0,0,1,29,0,0,195,0,0,26,214,25,60,1,0,1,19775,1,357,147,453,0,1,0,0,1,0,63,1,0,1,5,194,0,https://peage-fr-vinci.com/as.php,1
1,1,1,0,0,1,0,0,0,0,0,1,29,0,0,195,0,0,26,214,25,60,1,0,1,19775,1,357,147,453,0,1,0,0,1,0,63,1,0,1,5,194,0,https://peage-fr-reglement.com/,1
1,1,1,0,0,1,0,0,0,0,0,1,29,0,0,195,0,0,26,214,25,60,1,0,1,19775,1,357,147,453,0,1,0,0,1,0,63,1,0,1,5,194,0,https://peage-fr-reglement.com/as.php,1
1,0,0,0,0,1,0,0,0,0,0,0,0,0,0,0,0,0,7,0,11,22,0,0,0,22,0,0,0,1,0,0,0,0,0,0,11,0,0,0,0,0,0,https://badge-peage-fr.com/,1
0,0,0,0,0,0,0,0,0,0,0,0,0,0,0,0,0,0,0,0,0,0,0,0,0,0,0,0,0,0,0,0,0,0,0,0,1,0,0,0,0,0,0,https://eradys.com/,1
0,0,0,0,0,0,0,0,0,0,0,0,0,0,0,0,0,0,0,0,0,0,0,0,0,0,0,0,0,0,0,0,0,0,0,0,1,0,0,0,0,0,0,https://www.eradys.com/,1
1,1,1,0,0,1,0,0,0,0,0,2,2,0,0,0,0,0,1,0,1,13,1,1,0,376,1,6,1,23,0,0,1,0,0,0,2,0,0,0,0,0,0,https://ulysconnecte.com/,1
1,1,1,0,0,1,0,0,0,0,0,2,2,0,0,0,0,0,1,0,1,13,1,1,0,376,1,6,1,23,0,0,1,0,0,0,2,0,0,0,0,0,0,https://www.ulysconnecte.com/,1
1,1,1,0,0,1,0,0,0,0,0,1,1,0,0,0,0,0,2,1,0,41,0,1,0,125,0,0,0,3,0,0,1,0,0,0,2,0,0,0,0,0,0,https://solde-bouygues.com/,1
1,1,1,0,0,1,0,0,0,0,0,1,1,0,0,0,0,0,2,1,0,41,0,1,0,125,0,0,0,3,0,0,1,0,0,0,2,0,0,0,0,0,0,https://www.solde-bouygues.com/,1
1,1,1,0,0,0,1,1,0,0,0,4,1,0,0,0,0,0,0,0,1,4,0,0,0,23,0,0,1,5,0,0,1,0,0,1,1,0,0,0,0,0,0,https://kjhvbnk.s3.us-east-2.amazonaws.com/PVlhTUjFaWA.html#redacted@abuse.ionos.com,1
1,0,0,0,0,1,0,0,0,0,0,0,0,0,0,0,0,0,5,0,23,37,0,0,0,127,0,0,0,4,0,0,0,0,0,0,14,0,0,0,0,0,0,https://docs.google.com/presentation/d/e/2PACX-1vQxIvB3lUytkP9pJKRnHpYy_45abM4jQ3HT3Ghsuu2scQPvG-bYqFKMssi7qA1m0v9dFh5E6c6DY0za/pub?start=false&amp;loop=false&amp;delayms=3000,1
1,0,0,0,0,1,0,0,0,0,0,0,0,0,0,0,0,0,5,0,23,37,0,0,0,127,0,0,0,4,0,0,0,0,0,0,14,0,0,0,0,0,0,https://docs.google.com/presentation/d/e/2PACX-1vQxIvB3lUytkP9pJKRnHpYy_45abM4jQ3HT3Ghsuu2scQPvG-bYqFKMssi7qA1m0v9dFh5E6c6DY0za/pub,1
1,0,0,0,0,0,0,0,0,0,0,0,0,0,0,0,0,0,0,2,1,29,1,0,0,274,0,2,0,4,0,1,0,0,0,0,4,0,0,0,0,0,0,https://vpass-jp.frnig.cn/?session=onOdAc6AMwFqNsrGKdIWeqYz,1
1,0,0,0,0,0,0,0,0,0,0,0,0,0,0,0,0,0,0,0,1,5,0,0,0,5,0,0,0,4,0,0,0,0,0,0,2,0,0,0,0,0,0,https://sqaizk.iczvuxxsgpa.top/qaetdel,1
1,0,0,0,0,0,0,0,0,0,0,0,0,0,0,17,0,0,0,4,0,50,1,1,0,2019,0,0,1,0,0,1,0,0,0,0,3,0,0,0,0,0,0,http://name-trezor-help-dvoy.vercel.app/,1
1,0,0,0,0,0,0,0,0,0,0,0,0,0,0,17,0,0,0,4,0,50,1,1,0,2019,0,0,1,0,0,1,0,0,0,0,3,0,0,0,0,0,0,https://name-trezor-help-dvoy.vercel.app/,1
1,0,0,0,0,0,0,0,0,0,0,0,0,0,0,11,0,0,0,26,0,55,1,1,1,5269,0,0,1,0,0,0,0,0,0,0,4,0,0,0,0,0,0,http://suite-trezo-co.vercel.app/,1
1,0,0,0,0,0,0,0,0,0,0,0,0,0,0,11,0,0,0,26,0,55,1,1,1,5269,0,0,1,0,0,0,0,0,0,0,4,0,0,0,0,0,0,https://suite-trezo-co.vercel.app/,1
0,0,0,0,0,0,0,0,0,0,0,0,0,0,0,0,0,0,0,0,1,0,1,0,0,182,0,1,0,6,0,0,0,0,1,0,1,0,0,0,0,3,0,https://pichincha2025b.webcindario.com/,1
1,0,1,0,0,1,0,0,0,0,0,0,24,1,0,68,0,0,23,7,44,64,1,1,1,4351,17,82,8,237,0,1,0,0,0,0,30,1,0,1,2,97,0,https://webdisk.130-131-162-51.cprapid.com/signin?c_ds_na=hIKBiTmYqNBnq7Ke4iaPK2o0kJ1MG1rf95s5bQE0oL&amp;c_ds_no=text%2Fhtml%2Capplication%2Fxhtml%2Bxml%2Capplication%2Fxml%3Bq%3D0.9%2Cimage%2Favif%2Cimage%2Fwebp%2Cimage%2Fapng%2C%2A%2F%2A%3Bq%3D0.8%2Capplication%2Fsigned-exchange%3Bv%3Db3%3Bq%3D0.7,1
1,1,1,0,0,1,0,0,1,1,1,19,7,0,0,13,0,0,5,9,14,8,1,1,1,566,0,6,5,162,0,0,1,0,0,1,12,0,0,0,0,26,0,https://forms.zohopublic.com/gcroff1/form/EmailID/formperma/dAwaGfRZKStTSV3VZg6h3aT1ypLCl4wcYpyvxjLsPyQ,1
0,0,0,0,0,0,0,0,0,0,0,0,0,0,0,0,0,0,0,0,2,0,0,0,0,0,0,0,0,0,0,0,0,0,0,0,0,0,0,0,0,0,0,https://networksolvtions.codeberg.page/,1
1,0,0,0,0,0,0,0,0,0,0,0,0,0,0,0,0,0,0,4,0,17,0,0,0,177,0,2,2,1,0,0,0,0,0,0,2,0,0,0,0,0,0,https://t.co/ESvzCRU4qM,1
1,0,0,0,0,0,0,0,0,0,0,0,0,0,0,0,0,0,0,4,0,17,0,0,0,177,0,2,2,1,0,0,0,0,0,0,2,0,0,0,0,0,0,https://bssspwsp.wpdevcloud.com/ssp/ssp/ssp/primer-paso.php,1
1,1,1,0,0,1,1,0,1,0,0,4,2,0,38,9,0,0,4,1,7,13,0,0,0,1151,0,50,2,68,0,0,1,0,0,1,4,0,0,0,0,0,0,https://bafybeihhitjb3lpvuqsyfsry67fej6ahwdkqcrtzywaw4jpvru5srwotuq.ipfs.dweb.link/cPweb30.html,1
1,1,1,0,0,1,1,0,1,0,0,4,3,0,39,9,0,0,3,0,1,13,0,0,0,1104,0,51,2,76,0,0,1,0,1,1,4,0,0,0,0,1,0,https://bafkreids5ft2nrtk5ujl5tatr3qxetvf7t6fh2vfee63a4ygkewy2ek7pa.ipfs.dweb.link/,1
1,1,0,0,1,1,1,0,1,0,0,4,0,0,0,0,0,2,6,2,9,29,0,1,0,210,0,1,1,15,0,0,1,0,0,0,1,0,0,0,0,3,1,https://bafybeib7qftc7bgvhkdew2purmpqalnn2knkwefxjdgeuskqd5spht4jym.ipfs.dweb.link/,1
1,0,0,0,0,0,0,0,0,0,0,0,0,0,0,0,0,0,0,0,1,14,0,0,0,14,0,0,0,0,0,0,0,0,0,0,1,0,0,0,0,0,0,https://pub-f071f129da9b4921a7cbba2a72d16819.r2.dev/index.html,1
1,0,0,0,0,0,0,0,0,0,0,0,0,0,0,0,0,0,0,5,2,21,0,0,1,654,0,1,2,7,0,0,0,0,0,0,8,0,0,0,0,0,0,https://meta-refund.surge.sh/Refund,1
1,0,0,0,0,0,0,0,0,0,0,0,0,0,0,0,0,0,0,5,2,21,0,0,1,654,0,1,2,7,0,0,0,0,0,0,8,0,0,0,0,0,0,https://meta-refund.surge.sh/event,1
1,1,0,1,0,1,0,0,0,0,0,2,0,1,0,0,0,0,4,0,30,49,0,0,0,356,0,3,0,196,0,0,0,0,1,1,17,0,0,0,0,6,0,https://docs.google.com/drawings/d/1vNfOv2twp_gqmSlMXSZ9aSx9W9bYs7s75KdENoGHG9c/edit,1
1,1,0,1,0,1,0,0,0,0,0,2,0,1,0,0,0,0,5,0,30,49,0,0,0,356,0,3,0,192,0,0,0,0,1,1,17,0,0,0,0,6,0,https://docs.google.com/drawings/d/1TydHhtX-NOnUHwu2xBeaUuE_hFILWuu59YTmBshr3k4/edit,1
1,1,0,1,0,1,0,0,0,0,0,2,0,1,0,0,0,0,4,0,30,49,0,0,0,356,0,3,0,196,0,0,0,0,1,1,17,0,0,0,0,6,0,https://docs.google.com/drawings/d/1sTNdZ6SufOYCvJVNJfFSrfRsqgF_4SiiU1Ipiw7tBjU/edit,1
1,1,0,1,0,1,0,0,0,0,0,2,0,1,0,0,0,0,4,0,30,49,0,0,0,356,0,3,0,196,0,0,0,0,1,1,17,0,0,0,0,6,0,https://docs.google.com/drawings/d/1r2wNZJYHhx0rrtCuoI_b6CaMvdVwxuQ1hQ0wXeJkrFQ/edit,1
1,1,0,1,0,1,0,0,0,0,0,2,0,1,0,0,0,0,5,0,30,49,0,0,0,356,0,3,0,192,0,0,0,0,1,1,17,0,0,0,0,6,0,https://docs.google.com/drawings/d/1pfM6xg0UBO1q6PcpC5vZxkHc-IXP52vd9NmvkUxGywY/edit,1
1,1,0,1,0,1,0,0,0,0,0,2,0,1,0,0,0,0,4,0,30,49,0,0,0,356,0,3,0,196,0,0,0,0,1,1,17,0,0,0,0,6,0,https://docs.google.com/drawings/d/1od4GSD74YBerFD5Ouv531iwfMHgltTcu2VLMVlxKMHU/edit,1
1,1,0,1,0,1,0,0,0,0,0,2,0,1,0,0,0,0,4,0,30,49,0,0,0,356,0,3,0,196,0,0,0,0,1,1,17,0,0,0,0,6,0,https://docs.google.com/drawings/d/1HPAZaZ9TGiKlpH7Q_Cg9DzgXqWtT9T10YtMXXOKZzVI/edit,1
1,1,0,1,0,1,0,0,0,0,0,2,0,1,0,0,0,0,5,0,30,49,0,0,0,356,0,3,0,192,0,0,0,0,1,1,17,0,0,0,0,6,0,https://docs.google.com/drawings/d/1FFlASkVIaNKbewUrrjJ6b0jJSMz580-8D5O3VkKsO1s/edit,1
1,1,0,1,0,1,0,0,0,0,0,2,0,1,0,0,0,0,4,0,30,52,0,0,0,362,0,3,0,196,0,0,0,0,1,1,17,0,0,0,0,6,0,https://docs.google.com/drawings/d/1qs0LrAN_VxZVVftsf6u6NO3rMX5o-rOFQgssA0RAJy0/edit,1
1,1,0,1,0,1,0,0,0,0,0,2,0,1,0,0,0,0,4,0,30,52,0,0,0,362,0,3,0,196,0,0,0,0,1,1,17,0,0,0,0,6,0,https://docs.google.com/drawings/d/1O_LAE1rP3cm9RPBa0g-LKQu9g5X-MRRkwppSTMS6ZUw/edit,1
1,1,0,1,0,1,0,0,0,0,0,2,0,1,0,0,0,0,4,0,30,52,0,0,0,362,0,3,0,196,0,0,0,0,1,1,17,0,0,0,0,6,0,https://docs.google.com/drawings/d/1Gm4Sb94tx8D1CGjTWmIozwJj0jAUFwtEkn0_mleEGk8/edit,1
1,1,0,1,0,1,0,0,0,0,0,2,0,1,0,0,0,0,4,0,30,52,0,0,0,362,0,3,0,196,0,0,0,0,1,1,17,0,0,0,0,6,0,https://docs.google.com/drawings/d/18dTj0qNhg8YfKIym6YEMXRpssUUyxjX63ZYoNOM-aik/edit,1
1,1,0,1,0,1,0,0,0,0,0,2,0,1,0,0,0,0,5,0,30,52,0,0,0,362,0,3,0,192,0,0,0,0,1,1,17,0,0,0,0,6,0,https://docs.google.com/drawings/d/17RgZwYeYw2KrjI_bQdu-yYQAE8SspVYqxFg_Tm3BxNA/edit,1
1,1,0,1,0,1,0,0,0,0,0,2,0,1,0,0,0,0,4,0,30,52,0,0,0,362,0,3,0,196,0,0,0,0,1,1,17,0,0,0,0,6,0,https://docs.google.com/drawings/d/17oU3iEgFTXinFK2iHk29hgGkb7Qori2VU4bwhcZejCk/edit,1
1,1,0,1,0,1,0,0,0,0,0,2,0,1,0,0,0,0,4,0,30,52,0,0,0,362,0,3,0,196,0,0,0,0,1,1,17,0,0,0,0,6,0,https://docs.google.com/drawings/d/17Ha6QFoF5q3DjkkkTWTatNx5PvYDxHAyTPG3jfvUhyY/edit,1
1,1,0,1,0,1,0,0,0,0,0,2,0,1,0,0,0,0,4,0,30,52,0,0,0,362,0,3,0,196,0,0,0,0,1,1,17,0,0,0,0,6,0,https://docs.google.com/drawings/d/1XrWOdV6tDTX8XKa3SwP-p6D8DmM7N4NlbEh0mhU29cY/edit,1
1,1,0,1,0,1,0,0,0,0,0,2,0,1,0,0,0,0,4,0,30,52,0,0,0,362,0,3,0,196,0,0,0,0,1,1,17,0,0,0,0,6,0,https://docs.google.com/drawings/d/1vt7mQFWG7d_imiXpPOBUnEsS_I_LWdiBcQ2Z6FwMotw/edit,1
1,1,0,1,0,1,0,0,0,0,0,2,0,1,0,0,0,0,5,0,30,52,0,0,0,362,0,3,0,192,0,0,0,0,1,1,17,0,0,0,0,6,0,https://docs.google.com/drawings/d/1UkgPJCbI_QIBzEQ1vAARuAPJ50x-HYGcYUu5LVwpSXE/edit,1
1,1,0,1,0,1,0,0,0,0,0,2,0,1,0,0,0,0,4,0,30,52,0,0,0,362,0,3,0,196,0,0,0,0,1,1,17,0,0,0,0,6,0,https://docs.google.com/drawings/d/1sKz3p4TghWMawL8prl4aURZowlzcQZh4AelsPzmKo98/edit,1
1,1,0,1,0,1,0,0,0,0,0,2,0,1,0,0,0,0,4,0,30,52,0,0,0,362,0,3,0,196,0,0,0,0,1,1,17,0,0,0,0,6,0,https://docs.google.com/drawings/d/1SgY_uJTJVmH50r5i1y9v7gsNNUgMxBTZVqknHRe491E/edit,1
1,1,0,1,0,1,0,0,0,0,0,2,0,1,0,0,0,0,4,0,30,52,0,0,0,362,0,3,0,196,0,0,0,0,1,1,17,0,0,0,0,6,0,https://docs.google.com/drawings/d/1qx3a2B1bsFlroFiiPrIRTJWxV3727td_HMzJFBZUbtg/edit,1
1,1,0,1,0,1,0,0,0,0,0,2,0,1,0,0,0,0,4,0,30,52,0,0,0,362,0,3,0,196,0,0,0,0,1,1,17,0,0,0,0,6,0,https://docs.google.com/drawings/d/1PDABmB9jizo4JKgNbXLrHvb6KNDKJElwb3RrQwbrOX0/edit,1
1,1,0,1,0,1,0,0,0,0,0,2,0,1,0,0,0,0,4,0,30,52,0,0,0,362,0,3,0,196,0,0,0,0,1,1,17,0,0,0,0,6,0,https://docs.google.com/drawings/d/1pBAkc__vpEog9y14p8Nx7Cq4AuX735T8OS2WRjT1Ccw/edit,1
1,1,0,1,0,1,0,0,0,0,0,2,0,1,0,0,0,0,5,0,30,52,0,0,0,362,0,3,0,192,0,0,0,0,1,1,17,0,0,0,0,6,0,https://docs.google.com/drawings/d/1bgAHlhrCn20qTBxNStsXGsxcMRaNqKnMC1KoTylViSU/edit,1
1,1,0,1,0,1,0,0,0,0,0,2,0,1,0,0,0,0,5,0,30,52,0,0,0,362,0,3,0,192,0,0,0,0,1,1,17,0,0,0,0,6,0,https://docs.google.com/drawings/d/158Uoy4-wRUybJUYg_MBKZ6oqAJ_7uJN0L4iwnVtju9o/edit,1
1,1,0,1,0,1,0,0,0,0,0,2,0,1,0,0,0,0,4,0,30,52,0,0,0,362,0,3,0,196,0,0,0,0,1,1,17,0,0,0,0,6,0,https://docs.google.com/drawings/d/12zbE1H1QFtqaEiswu6XKrTfxHqjbOqBZlfaMK7FmYmM/edit,1
1,1,0,1,0,1,0,0,0,0,0,2,0,1,0,0,0,0,4,0,30,52,0,0,0,362,0,3,0,196,0,0,0,0,1,1,17,0,0,0,0,6,0,https://docs.google.com/drawings/d/11TsdUNpkVu3i0sQm1l3zcH5V-BUKISDpM41_OeTlYSA/edit,1
1,1,0,1,0,1,0,0,0,0,0,2,0,1,0,0,0,0,4,0,30,52,0,0,0,362,0,3,0,196,0,0,0,0,1,1,17,0,0,0,0,6,0,https://docs.google.com/drawings/d/116OX07gqjW08fgd3hfSk2NkY7tPnj6ibMPGIUwcaQzc/edit,1
1,1,0,1,0,1,0,0,0,0,0,2,0,1,0,0,0,0,5,0,30,62,0,0,0,382,0,3,0,192,0,0,0,0,1,1,17,0,0,0,0,6,0,https://docs.google.com/drawings/d/15uA0H9y6E2hsy9e7ayUUHxDW4Jl7agGpaqYg_MpgLVM/edit,1
1,1,0,1,0,1,0,0,0,0,0,2,0,1,0,0,0,0,4,0,30,52,0,0,0,362,0,3,0,196,0,0,0,0,1,1,17,0,0,0,0,6,0,https://docs.google.com/drawings/d/1U17qaIWIQ6EUZlSjS0pBx-4XcI4FOHcBoDsYjFMTjO8/edit,1
1,1,0,1,0,1,0,0,0,0,0,2,0,1,0,0,0,0,5,0,30,52,0,0,0,362,0,3,0,192,0,0,0,0,1,1,17,0,0,0,0,6,0,https://docs.google.com/drawings/d/1QxJNt9N98QIyqyd0UuuauHnnMwoc1cBKRYoUipX4d_s/edit,1
1,1,0,1,0,1,0,0,0,0,0,2,0,1,0,0,0,0,5,0,30,49,0,0,0,356,0,3,0,192,0,0,0,0,1,1,17,0,0,0,0,6,0,https://docs.google.com/drawings/d/1Vhu6-skFuN1neUz2tkd81QnCQBCb05cGnfY8ZAEeZoQ/edit,1
1,1,0,1,0,1,0,0,0,0,0,2,0,1,0,0,0,0,5,0,30,49,0,0,0,356,0,3,0,192,0,0,0,0,1,1,17,0,0,0,0,6,0,https://docs.google.com/drawings/d/1UvlFcavXmOHQiJsLixEubU1VqyMPXlZzETXwhVee8UE/edit,1
1,1,0,1,0,1,0,0,0,0,0,2,0,1,0,0,0,0,5,0,30,49,0,0,0,356,0,3,0,192,0,0,0,0,1,1,17,0,0,0,0,6,0,https://docs.google.com/drawings/d/1Oh887mtva1P-olKpMqZB6W_jgImJapOJ46LmgjtmHO4/edit,1
1,1,0,1,0,1,0,0,0,0,0,2,0,1,0,0,0,0,4,0,30,49,0,0,0,356,0,3,0,196,0,0,0,0,1,1,17,0,0,0,0,6,0,https://docs.google.com/drawings/d/1NErjPgecBVDL-S1uLGt8u38sQyNN8ulatbKPQ5_An9k/edit,1
1,1,0,1,0,1,0,0,0,0,0,2,0,1,0,0,0,0,4,0,30,49,0,0,0,356,0,3,0,196,0,0,0,0,1,1,17,0,0,0,0,6,0,https://docs.google.com/drawings/d/1KkYvsIctrylcsr5oUBLoXYyKEWjSyfNenYYU8DcYy4U/edit,1
1,1,0,1,0,1,0,0,0,0,0,2,0,1,0,0,0,0,5,0,30,49,0,0,0,356,0,3,0,192,0,0,0,0,1,1,17,0,0,0,0,6,0,https://docs.google.com/drawings/d/1IxJEl9SOl1wp4QgwE8-_okKWiDvz3uOprDKCE8Yar0g/edit,1
1,1,0,1,0,1,0,0,0,0,0,2,0,1,0,0,0,0,5,0,30,49,0,0,0,356,0,3,0,192,0,0,0,0,1,1,17,0,0,0,0,6,0,https://docs.google.com/drawings/d/1_1NDfzIIA6y1TXM_Tw63SlAEeyNag5wYnAjMKxBP79Q/edit,1
1,1,0,1,0,1,0,0,0,0,0,2,0,1,0,0,0,0,5,0,30,49,0,0,0,356,0,3,0,192,0,0,0,0,1,1,17,0,0,0,0,6,0,https://docs.google.com/drawings/d/1YSdUMLk1Cpf-Qa4s5a19HraseLsLSmaDWDtpcHxzKJM/edit,1
1,1,0,1,0,1,0,0,0,0,0,2,0,1,0,0,0,0,5,0,30,49,0,0,0,356,0,3,0,192,0,0,0,0,1,1,17,0,0,0,0,6,0,https://docs.google.com/drawings/d/1wsw7N_M-4jouaQX28B33uC1MplfSR1mwxgKNoEWJY4A/edit,1
1,1,0,1,0,1,0,0,0,0,0,2,0,1,0,0,0,0,5,0,30,49,0,0,0,356,0,3,0,192,0,0,0,0,1,1,17,0,0,0,0,6,0,https://docs.google.com/drawings/d/1to37uxmMIe7B1AAwnrzoXN3DvlyTrl_dqk8KqN7Rb5M/edit,1
1,1,0,1,0,1,0,0,0,0,0,2,0,1,0,0,0,0,5,0,30,49,0,0,0,356,0,3,0,192,0,0,0,0,1,1,17,0,0,0,0,6,0,https://docs.google.com/drawings/d/1QjqkAremHu5nG4E8DnzjEOXlLIk0KEoviPUzssRBj20/edit,1
1,1,0,1,0,1,0,0,0,0,0,2,0,1,0,0,0,0,4,0,30,49,0,0,0,356,0,3,0,196,0,0,0,0,1,1,17,0,0,0,0,6,0,https://docs.google.com/drawings/d/1KOwSLrC1wEaSeedwSvQop7Dj3aWVFdTW2LRP9xaUUQE/edit,1
1,1,0,1,0,1,0,0,0,0,0,2,0,1,0,0,0,0,5,0,30,49,0,0,0,356,0,3,0,192,0,0,0,0,1,1,17,0,0,0,0,6,0,https://docs.google.com/drawings/d/1h1d2g9-_DUEDoog_LonIeS3DHpCdqCKUUY8fz2CrEvc/edit,1
1,1,0,1,0,1,0,0,0,0,0,2,0,1,0,0,0,0,4,0,30,49,0,0,0,356,0,3,0,196,0,0,0,0,1,1,17,0,0,0,0,6,0,https://docs.google.com/drawings/d/1dQ_GWkOKRxKzpdKG7kYY_0rudZpGCEG8dP5JYZRh9_c/edit,1
1,1,0,1,0,1,0,0,0,0,0,2,0,1,0,0,0,0,5,0,30,49,0,0,0,356,0,3,0,192,0,0,0,0,1,1,17,0,0,0,0,6,0,https://docs.google.com/drawings/d/1DdXUwndZeON-AoBqjdzFJsQd4BYQ4_58Xy6zYbsV4ok/edit,1
1,1,0,1,0,1,0,0,0,0,0,2,0,1,0,0,0,0,5,0,30,49,0,0,0,356,0,3,0,192,0,0,0,0,1,1,17,0,0,0,0,6,0,https://docs.google.com/drawings/d/109WDFnaCpMG7vwl_2qUecJOP59N6wb43M6H4x3vrYnY/edit,1
1,1,0,1,0,1,0,0,0,0,0,2,0,1,0,0,0,0,4,0,30,52,0,0,0,362,0,3,0,196,0,0,0,0,1,1,17,0,0,0,0,6,0,https://docs.google.com/drawings/d/1wl-mRVmL5G_gBmJXedvXgoR9LXyeKCSDpUgCutYU5Qo/edit,1
1,1,0,1,0,1,0,0,0,0,0,2,0,1,0,0,0,0,5,0,30,52,0,0,0,362,0,3,0,192,0,0,0,0,1,1,17,0,0,0,0,6,0,https://docs.google.com/drawings/d/1ShFVOJ_WMUk7ZB-nSFsWRxOXzyPUR018sRRTK923or0/edit,1
1,1,0,1,0,1,0,0,0,0,0,2,0,1,0,0,0,0,4,0,30,52,0,0,0,362,0,3,0,196,0,0,0,0,1,1,17,0,0,0,0,6,0,https://docs.google.com/drawings/d/1RbyikrL6zLg98_uFJ5g8E5JAtrZGSJaow6oOQoFdgNU/edit,1
1,1,0,1,0,1,0,0,0,0,0,2,0,1,0,0,0,0,5,0,30,52,0,0,0,362,0,3,0,192,0,0,0,0,1,1,17,0,0,0,0,6,0,https://docs.google.com/drawings/d/1P0FVqZDQOe94K0iCFm-x1N1TPAHln-XzCm1dBLIuo_I/edit,1
1,1,0,1,0,1,0,0,0,0,0,2,0,1,0,0,0,0,4,0,30,52,0,0,0,362,0,3,0,196,0,0,0,0,1,1,17,0,0,0,0,6,0,https://docs.google.com/drawings/d/1_YI1aKbZ1zfKG1eMfONnNVX8MUAEgtbg1SKLJgvNqo0/edit,1
1,1,0,1,0,1,0,0,0,0,0,2,0,1,0,0,0,0,4,0,30,52,0,0,0,362,0,3,0,196,0,0,0,0,1,1,17,0,0,0,0,6,0,https://docs.google.com/drawings/d/17Je4X2RZ2s-pO11HF-yVWnvvIWXjfmnWaK58fPS98F8/edit,1
1,1,0,1,0,1,0,0,0,0,0,2,0,1,0,0,0,0,5,0,30,53,0,0,0,364,0,3,0,192,0,0,0,0,1,1,17,0,0,0,0,6,0,https://docs.google.com/drawings/d/146FVO6BxExhwjnWy7t4J9pOTzi2B9LtCULjAvPlaZy4/edit,1
1,1,0,1,0,1,0,0,0,0,0,2,0,1,0,0,0,0,5,0,30,53,0,0,0,364,0,3,0,192,0,0,0,0,1,1,17,0,0,0,0,6,0,https://docs.google.com/drawings/d/1TfKuCDgNvp2LXIk5JnJ-Fa1M3CTDBnyZ3HfqkOg_ABA/edit,1
1,1,0,1,0,1,0,0,0,0,0,2,0,1,0,0,0,0,4,0,30,53,0,0,0,364,0,3,0,196,0,0,0,0,1,1,17,0,0,0,0,6,0,https://docs.google.com/drawings/d/1rML_n19kdRE1FSX3gexVmBpraBwHXRLKN5gOFFV_1Uo/edit,1
1,1,0,1,0,1,0,0,0,0,0,2,0,1,0,0,0,0,4,0,30,53,0,0,0,364,0,3,0,196,0,0,0,0,1,1,17,0,0,0,0,6,0,https://docs.google.com/drawings/d/1ciMeu5i5B6-cj03nzJVVj7rc-JPYwcPwPgck4j0AsLs/edit,1
1,1,0,1,0,1,0,0,0,0,0,2,0,1,0,0,0,0,4,0,30,53,0,0,0,364,0,3,0,196,0,0,0,0,1,1,17,0,0,0,0,6,0,https://docs.google.com/drawings/d/1J0pQT_JSW6QYFBISJI09hlxVQIQjy7w1Bp2MzAW-AWs/edit,1
1,1,0,1,0,1,0,0,0,0,0,2,0,1,0,0,0,0,5,0,30,54,0,0,0,366,0,3,0,192,0,0,0,0,1,1,17,0,0,0,0,6,0,https://docs.google.com/drawings/d/1WiaGSATYmtJ6Xp47g8XIxn7KZ8nhyOdkqqBXS6bkSSM/edit,1
1,1,0,1,0,1,0,0,0,0,0,2,0,1,0,0,0,0,5,0,30,54,0,0,0,366,0,3,0,192,0,0,0,0,1,1,17,0,0,0,0,6,0,https://docs.google.com/drawings/d/1s46FHIlU-wuKJ0KAjj_aRuDzDbXsDaoDRBXYLD2XwmY/edit,1
1,1,0,1,0,1,0,0,0,0,0,2,0,1,0,0,0,0,4,0,30,54,0,0,0,366,0,3,0,196,0,0,0,0,1,1,17,0,0,0,0,6,0,https://docs.google.com/drawings/d/1AobyxrMvM_iJ2ebUDgn0Mt_vUNMQBYq1X9Lugtz93m8/edit,1
1,1,0,1,0,1,0,0,0,0,0,2,0,1,0,0,0,0,4,0,30,54,0,0,0,366,0,3,0,196,0,0,0,0,1,1,17,0,0,0,0,6,0,https://docs.google.com/drawings/d/1ScJbhw2kstiPnwekRQF0_PJ9321RSwDtlMSXdnQpQoA/edit,1
1,1,0,1,0,1,0,0,0,0,0,2,0,1,0,0,0,0,4,0,30,54,0,0,0,366,0,3,0,196,0,0,0,0,1,1,17,0,0,0,0,6,0,https://docs.google.com/drawings/d/1ev_KeDX4AZO33xY-27_YymwU1bDba1LBggDl5V4vNI4/edit,1
1,1,0,1,0,1,0,0,0,0,0,2,0,1,0,0,0,0,4,0,30,54,0,0,0,366,0,3,0,196,0,0,0,0,1,1,17,0,0,0,0,6,0,https://docs.google.com/drawings/d/1tWyjgu-Tmy9RnEcWnVjCMa7EB-v2oparH21iUjqzL7M/edit,1
1,1,0,1,0,1,0,0,0,0,0,2,0,1,0,0,0,0,4,0,30,52,0,0,0,362,0,3,0,196,0,0,0,0,1,1,17,0,0,0,0,6,0,https://docs.google.com/drawings/d/1x7yFF5Ncwvack5dc5BcXkdYDVOlG0g9mLlGEBcbdk58/edit,1
1,1,0,1,0,1,0,0,0,0,0,2,0,1,0,0,0,0,5,0,30,52,0,0,0,362,0,3,0,192,0,0,0,0,1,1,17,0,0,0,0,6,0,https://docs.google.com/drawings/d/1tSEBV3KVrE0QhskQd64iVxJaAuyL9pDEUraWL1vfRS0/edit,1
1,1,0,1,0,1,0,0,0,0,0,2,0,1,0,0,0,0,5,0,30,52,0,0,0,362,0,3,0,192,0,0,0,0,1,1,17,0,0,0,0,6,0,https://docs.google.com/drawings/d/1t2qfEYG-yv3Sq8WM2YMDZvgykNFK4AkvcfTkY1IAHWo/edit,1
1,1,0,1,0,1,0,0,0,0,0,2,0,1,0,0,0,0,4,0,30,52,0,0,0,362,0,3,0,196,0,0,0,0,1,1,17,0,0,0,0,6,0,https://docs.google.com/drawings/d/1QNh3IQZpjGFgKCcnPTp6E831IgtHcb9XaUhy3n5gzeY/edit,1
1,1,0,1,0,1,0,0,0,0,0,2,0,1,0,0,0,0,5,0,30,52,0,0,0,362,0,3,0,192,0,0,0,0,1,1,17,0,0,0,0,6,0,https://docs.google.com/drawings/d/1M7-c7YNx6uoEXAi7FFwq21LKUi74X1Csked8cQ71-2M/edit,1
1,1,0,1,0,1,0,0,0,0,0,2,0,1,0,0,0,0,4,0,30,52,0,0,0,362,0,3,0,196,0,0,0,0,1,1,17,0,0,0,0,6,0,https://docs.google.com/drawings/d/1JhmQSUm9lVnbCJO7ETd57Q9iSs_etFwgAkY-Q05Vg7Y/edit,1
1,1,0,1,0,1,0,0,0,0,0,2,0,1,0,0,0,0,5,0,30,52,0,0,0,362,0,3,0,192,0,0,0,0,1,1,17,0,0,0,0,6,0,https://docs.google.com/drawings/d/1Im9eX6j7n--U8bMB8-CflAXNcNORAtVF4yHfEnqj36E/edit,1
1,1,0,1,0,1,0,0,0,0,0,2,0,1,0,0,0,0,4,0,30,52,0,0,0,362,0,3,0,196,0,0,0,0,1,1,17,0,0,0,0,6,0,https://docs.google.com/drawings/d/1exbsd0RkiB4VKTyGIj31kTPG8zXoSC_QZDg9Woc506k/edit,1
1,1,0,1,0,1,0,0,0,0,0,2,0,1,0,0,0,0,4,0,30,52,0,0,0,362,0,3,0,196,0,0,0,0,1,1,17,0,0,0,0,6,0,https://docs.google.com/drawings/d/1EuCSeIgGxIbV9eNjtiZmFhcRJPof6pxBY5ErGgh-hpM/edit,1
1,1,0,1,0,1,0,0,0,0,0,2,0,1,0,0,0,0,5,0,30,52,0,0,0,362,0,3,0,192,0,0,0,0,1,1,17,0,0,0,0,6,0,https://docs.google.com/drawings/d/1eAYt7CXs4A_xSxMdaIOE7xaCpBq7bqaSEDimtQIXq34/edit,1
1,1,0,1,0,1,0,0,0,0,0,2,0,1,0,0,0,0,5,0,30,52,0,0,0,362,0,3,0,192,0,0,0,0,1,1,17,0,0,0,0,6,0,https://docs.google.com/drawings/d/10gb5Tf-EMuWh49H73VwSkTa3PTCFlWx95N7SAJO9EYU/edit,1
1,1,0,1,0,1,0,0,0,0,0,2,0,1,0,0,0,0,4,0,30,52,0,0,0,362,0,3,0,196,0,0,0,0,1,1,17,0,0,0,0,6,0,https://docs.google.com/drawings/d/1SSl-GRYEua6BOV0Mcpo8RcUKMEX3PUjoo_VgoQxxTUc/edit,1
1,1,0,1,0,1,0,0,0,0,0,2,0,1,0,0,0,0,4,0,30,49,0,0,0,356,0,3,0,196,0,0,0,0,1,1,17,0,0,0,0,6,0,https://docs.google.com/drawings/d/1wAmyQA9aR-a7sLbg8mFCuFqbLOSmdAPENVwXQcbgP9Q/edit,1
1,1,0,1,0,1,0,0,0,0,0,2,0,1,0,0,0,0,4,0,30,49,0,0,0,356,0,3,0,196,0,0,0,0,1,1,17,0,0,0,0,6,0,https://docs.google.com/drawings/d/1Ubh3lZm9YfRlWCAlBqh3b_Q1FV0qi5jE_ajKy5Tteys/edit,1
1,1,0,1,0,1,0,0,0,0,0,2,0,1,0,0,0,0,4,0,30,49,0,0,0,356,0,3,0,196,0,0,0,0,1,1,17,0,0,0,0,6,0,https://docs.google.com/drawings/d/1OVb4OizwmQ1KBOT6bkbqNA_J3dp0CtJSCxE90Gv1Fo8/edit,1
1,1,0,1,0,1,0,0,0,0,0,2,0,1,0,0,0,0,4,0,30,49,0,0,0,356,0,3,0,196,0,0,0,0,1,1,17,0,0,0,0,6,0,https://docs.google.com/drawings/d/1oSjjoMqfpDPCSMjXdZdDrM9YnlN9ZctGMMZL-5hTxXc/edit,1
1,1,0,1,0,1,0,0,0,0,0,2,0,1,0,0,0,0,4,0,30,49,0,0,0,356,0,3,0,196,0,0,0,0,1,1,17,0,0,0,0,6,0,https://docs.google.com/drawings/d/1iYPO6mdpe0YyEUXktdVisZPfyRkovqZjai7AAOELNb0/edit,1
1,1,0,1,0,1,0,0,0,0,0,2,0,1,0,0,0,0,5,0,30,49,0,0,0,356,0,3,0,192,0,0,0,0,1,1,17,0,0,0,0,6,0,https://docs.google.com/drawings/d/1gT_4x96AdVH2Bi69v-B1r0ERq9H8ayCgze3SvwnukXs/edit,1
1,1,0,1,0,1,0,0,0,0,0,2,0,1,0,0,0,0,5,0,30,49,0,0,0,356,0,3,0,192,0,0,0,0,1,1,17,0,0,0,0,6,0,https://docs.google.com/drawings/d/1E-ajTtW24xB1qxWxuvSlXFowysTc5WUYqHmPClVc3Sc/edit,1
1,1,0,1,0,1,0,0,0,0,0,2,0,1,0,0,0,0,4,0,30,49,0,0,0,356,0,3,0,196,0,0,0,0,1,1,17,0,0,0,0,6,0,https://docs.google.com/drawings/d/1djgIyOEF3fJIX3C0vrhoN9lSo1kNRaqUQO2mXS9crJE/edit,1
1,1,0,1,0,1,0,0,0,0,0,2,0,1,0,0,0,0,4,0,30,49,0,0,0,356,0,3,0,196,0,0,0,0,1,1,17,0,0,0,0,6,0,https://docs.google.com/drawings/d/1_aLoZFn-3-x_I7rlVzrosIQrEodUDjsXdE6001nKT6o/edit,1
1,1,0,1,0,1,0,0,0,0,0,2,0,1,0,0,0,0,4,0,30,52,0,0,0,362,0,3,0,196,0,0,0,0,1,1,17,0,0,0,0,6,0,https://docs.google.com/drawings/d/1XeOuK4SQZnUr5FWVwGBZyiqrnvD5AUCXzIZKU4K0o9s/edit,1
1,1,0,1,0,1,0,0,0,0,0,2,0,1,0,0,0,0,5,0,30,52,0,0,0,362,0,3,0,192,0,0,0,0,1,1,17,0,0,0,0,6,0,https://docs.google.com/drawings/d/1uCAl7az3UmxHAV2iW8Hi1htciQ9n8oAxyvPS499_3mU/edit,1
1,1,0,1,0,1,0,0,0,0,0,2,0,1,0,0,0,0,4,0,30,52,0,0,0,362,0,3,0,196,0,0,0,0,1,1,17,0,0,0,0,6,0,https://docs.google.com/drawings/d/1suMqIDeQBKTzCCtTmLRYq7wq1GVyYESHMi_N27FoYh8/edit,1
1,1,0,1,0,1,0,0,0,0,0,2,0,1,0,0,0,0,5,0,30,52,0,0,0,362,0,3,0,192,0,0,0,0,1,1,17,0,0,0,0,6,0,https://docs.google.com/drawings/d/1QM4y-V3j48uEGaSSBVip2PVm_IsRnVGoGcNUNI8k528/edit,1
1,1,0,1,0,1,0,0,0,0,0,2,0,1,0,0,0,0,5,0,30,52,0,0,0,362,0,3,0,192,0,0,0,0,1,1,17,0,0,0,0,6,0,https://docs.google.com/drawings/d/1PE6gwHfoDH662MIUBG5-LLRI7xZHzBRyjxmYgpnaPeo/edit,1
1,1,0,1,0,1,0,0,0,0,0,2,0,1,0,0,0,0,5,0,30,52,0,0,0,362,0,3,0,192,0,0,0,0,1,1,17,0,0,0,0,6,0,https://docs.google.com/drawings/d/1orw92Mq9lj5GFOLQPzOxOTq36uDdpu_0evKdK3KhTPQ/edit,1
1,1,0,1,0,1,0,0,0,0,0,2,0,1,0,0,0,0,5,0,30,52,0,0,0,362,0,3,0,192,0,0,0,0,1,1,17,0,0,0,0,6,0,https://docs.google.com/drawings/d/1oRvCPXvxh7SrjB3bMa78JPdr4O2cCKQOs_JolMsN7P8/edit,1
1,1,0,1,0,1,0,0,0,0,0,2,0,1,0,0,0,0,5,0,30,52,0,0,0,362,0,3,0,192,0,0,0,0,1,1,17,0,0,0,0,6,0,https://docs.google.com/drawings/d/1EjWnMosWGQeR7hPGEJFAe5PttAM-Fo8khC6j5ncmj6w/edit,1
1,1,0,1,0,1,0,0,0,0,0,2,0,1,0,0,0,0,4,0,30,52,0,0,0,362,0,3,0,196,0,0,0,0,1,1,17,0,0,0,0,6,0,https://docs.google.com/drawings/d/14Z2pZ67KzPL7hjdkrj7mpmCB46zjlKjg57mVWGaWXzs/edit,1
1,1,0,1,0,1,0,0,0,0,0,2,0,1,0,0,0,0,4,0,30,52,0,0,0,362,0,3,0,196,0,0,0,0,1,1,17,0,0,0,0,6,0,https://docs.google.com/drawings/d/13CyYYSbPXwBuySwtHjHe2ufiPviLHvgJKimPfCd-9Wo/edit,1
1,1,0,1,0,1,0,0,0,0,0,2,0,1,0,0,0,0,5,0,30,52,0,0,0,362,0,3,0,192,0,0,0,0,1,1,17,0,0,0,0,6,0,https://docs.google.com/drawings/d/11pynecy_TyNUg2H_pyb2AEfZzHSqRqzfXJbF68Pdgwc/edit,1
1,1,0,1,0,1,0,0,0,0,0,2,0,1,0,0,0,0,4,0,30,52,0,0,0,362,0,3,0,196,0,0,0,0,1,1,17,0,0,0,0,6,0,https://docs.google.com/drawings/d/1VsPP4v7PMYfYrOsh0AuhvsB5ZoUxjGh8QDjno46-hJ8/edit,1
1,1,0,1,0,1,0,0,0,0,0,2,0,1,0,0,0,0,4,0,30,52,0,0,0,362,0,3,0,196,0,0,0,0,1,1,17,0,0,0,0,6,0,https://docs.google.com/drawings/d/1uJSOhIbbx7FAMy9xgKlQ2FUGp2jLziZD8fpA7CSwb8I/edit,1
0,0,0,0,0,0,0,0,0,0,0,0,0,0,0,0,0,0,0,0,1,0,0,0,0,0,0,0,0,0,0,0,0,0,0,0,1,0,0,0,0,0,0,https://l.wl.co/l?u=https://qr-codes.io/h8fVAk,1
0,0,0,0,0,0,0,0,0,0,0,0,0,0,0,0,0,0,0,0,1,0,0,0,0,0,0,0,0,0,0,0,0,0,0,0,1,0,0,0,0,0,0,https://l.wl.co/l?u=https://qr-codes.io/Pru3fC,1
0,0,0,0,0,0,0,0,0,0,0,0,0,0,0,0,0,0,0,0,1,0,0,0,0,0,0,0,0,0,0,0,0,0,0,0,1,0,0,0,0,0,0,https://l.wl.co/l?u=https://qr-codes.io/C0KUjb,1
0,0,0,0,0,0,0,0,0,0,0,0,0,0,0,0,0,0,0,0,1,0,0,0,0,0,0,0,0,0,0,0,0,0,0,0,0,0,0,0,0,0,0,https://k51qzi5uqu5dgjngusbscza0jnzwdcaylhdqwute0pyrfh9505ad7vn8gua1pl.ipns.dweb.link/,1
0,0,0,0,0,0,0,0,0,0,0,0,0,0,0,0,0,0,0,0,1,0,0,0,0,0,0,0,0,0,0,0,0,0,0,0,0,0,0,0,0,0,0,https://tinyurl.com/yc2wnjpj,1
0,0,0,0,0,0,0,0,0,0,0,0,0,0,0,0,0,0,0,0,1,0,0,0,0,0,0,0,0,0,0,0,0,0,0,0,0,0,0,0,0,0,0,https://troyconference.org/Domain/indexxt.html,1
1,0,0,0,0,1,0,0,0,0,0,0,0,0,0,0,0,0,1,0,10,16,0,0,0,16,0,0,0,4,0,0,0,0,1,0,2,0,0,0,0,0,0,https://urlz.fr/uWGd,1
1,1,1,0,0,1,0,0,1,0,0,2,1,0,0,0,0,0,7,6,18,16,0,1,0,704,1,11,2,27,0,1,1,0,0,0,7,0,0,0,0,3,0,https://cmdmontnemvienmoensbemn.duia.eu/axabnk/pages/login-user.php,1
1,1,1,0,0,1,0,0,1,0,0,34,87,0,41,323,0,2,9,41,7,48,0,1,0,12999,87,244,11,319,1,1,1,0,0,1,9,1,0,0,0,201,1,https://xmsuemaneusmeb.duia.ro/ennuemsielmaunevsmemaun/pages/region.php?lca#1b141210624937e9e,1
1,0,1,0,0,1,0,0,0,0,0,0,3,0,0,0,0,0,12,7,16,56,0,0,1,1825,1,24,9,92,0,0,0,0,0,0,3,1,0,0,0,4,0,https://tinyurl.com/2s3syv7b,1
1,1,1,0,0,1,1,1,1,0,0,5,2,0,0,0,0,0,3,3,11,20,0,0,1,430,0,0,2,21,0,0,1,0,0,0,1,0,0,0,0,1,0,https://bafybeifqjdgaojjdpiiiezj7geaik43tajhxtx6gialbeoptcqtk7qbo6u.ipfs.dweb.link/?filename=engrola.html,1
0,0,0,0,0,0,0,0,0,0,0,0,0,0,0,0,0,0,0,0,3,0,0,0,0,0,0,0,0,0,0,0,0,0,0,0,7,0,0,0,0,0,0,https://qrco.de/bgRb0k,1
0,0,0,0,0,0,0,0,0,0,0,0,0,0,0,0,0,0,0,0,3,0,0,0,0,0,0,0,0,0,0,0,0,0,0,0,7,0,0,0,0,0,0,https://q-r.to/bgRb0k,1
0,0,0,0,0,0,0,0,0,0,0,0,0,0,0,0,0,0,0,0,3,0,0,0,0,0,0,0,0,0,0,0,0,0,0,0,7,0,0,0,0,0,0,https://l.ead.me/bgRb0k,1
1,1,1,0,0,1,0,0,1,0,0,34,87,0,41,323,0,2,9,41,8,48,0,1,0,12999,87,244,11,319,1,1,1,0,0,1,9,1,0,0,0,201,1,https://service-info-ca-client.surge.sh/pages/region.html,1
1,1,1,0,0,1,0,0,1,0,0,34,87,0,41,323,0,2,9,41,8,48,0,1,0,12999,87,244,11,319,1,1,1,0,0,1,9,1,0,0,0,201,1,https://secui-info-client.surge.sh/pages/region.html,1
1,1,1,0,0,1,0,0,1,0,0,34,87,0,41,323,0,2,9,41,8,48,0,1,0,12999,87,244,11,319,1,1,1,0,0,1,9,1,0,0,0,201,1,https://relation-info-c.surge.sh/pages/region.html,1
1,1,1,0,0,1,0,0,1,0,0,34,87,0,41,323,0,2,9,41,8,48,0,1,0,12999,87,244,11,319,1,1,1,0,0,1,9,1,0,0,0,201,1,https://nouvelle-notification-ca.surge.sh/pages/region.html,1
1,1,1,0,0,1,0,0,1,0,0,34,87,0,41,323,0,2,9,41,8,48,0,1,0,12999,87,244,11,319,1,1,1,0,0,1,9,1,0,0,0,201,1,https://monespace-client-info.surge.sh/pages/region.html,1
1,1,1,0,0,1,0,0,1,0,0,34,87,0,41,323,0,2,9,41,8,48,0,1,0,12999,87,244,11,319,1,1,1,0,0,1,9,1,0,0,0,201,1,https://infp-ca-assistance-service.surge.sh/pages/region.html,1
1,1,1,0,0,1,0,0,1,0,0,34,87,0,41,323,0,2,9,41,8,48,0,1,0,12999,87,244,11,319,1,1,1,0,0,1,9,1,0,0,0,201,1,https://info-plus-ca.surge.sh/pages/region.html,1
1,1,1,0,0,1,0,0,1,0,0,34,87,0,41,323,0,2,9,41,8,48,0,1,0,12999,87,244,11,319,1,1,1,0,0,1,9,1,0,0,0,201,1,https://info-app-appli-ca.surge.sh/pages/region.html,1
1,1,1,0,0,1,0,0,1,0,0,34,87,0,41,323,0,2,9,41,8,48,0,1,0,12999,87,244,11,319,1,1,1,0,0,1,9,1,0,0,0,201,1,https://inf-plus-mise-a-jour-phone.surge.sh/pages/region.html,1
1,1,1,0,0,1,0,0,1,0,0,34,87,0,41,323,0,2,9,41,8,48,0,1,0,12999,87,244,11,319,1,1,1,0,0,1,9,1,0,0,0,201,1,https://forme-roulante-wathc.surge.sh/pages/region.html,1
1,1,1,0,0,1,0,0,1,0,0,34,87,0,41,323,0,2,9,41,8,48,0,1,0,12999,87,244,11,319,1,1,1,0,0,1,9,1,0,0,0,201,1,https://forge-nior-client.surge.sh/pages/region.html,1
1,1,1,0,0,1,0,0,1,0,0,34,87,0,41,323,0,2,9,41,8,48,0,1,0,12999,87,244,11,319,1,1,1,0,0,1,9,1,0,0,0,201,1,https://dounou-beben-londo.surge.sh/pages/region.html,1
1,1,1,0,0,1,0,0,1,0,0,34,87,0,41,323,0,2,9,41,8,48,0,1,0,12999,87,244,11,319,1,1,1,0,0,1,9,1,0,0,0,201,1,https://disastrous-apples.surge.sh/pages/region.html,1
1,1,1,0,0,1,0,0,1,0,0,34,87,0,41,323,0,2,9,41,8,48,0,1,0,12999,87,244,11,319,1,1,1,0,0,1,9,1,0,0,0,201,1,https://authen-service-client-ca.surge.sh/pages/region.html,1
1,1,1,0,0,1,0,0,1,0,0,34,87,0,41,323,0,2,9,41,8,48,0,1,0,12999,87,244,11,319,1,1,1,0,0,1,9,1,0,0,0,201,1,https://assistance-week-ca.surge.sh/pages/region.html,1
1,1,1,0,0,1,0,0,1,0,0,34,87,0,41,323,0,2,9,41,8,48,0,1,0,12999,87,244,11,319,1,1,1,0,0,1,9,1,0,0,0,201,1,https://assistance-plus-info-c.surge.sh/pages/region.html,1
1,1,1,0,0,1,0,0,1,0,0,34,87,0,41,323,0,2,9,41,8,48,0,1,0,12999,87,244,11,319,1,1,1,0,0,1,9,1,0,0,0,201,1,https://assistance-info-licorne-ca.surge.sh/pages/region.html,1
1,1,1,0,0,1,0,0,1,0,0,34,87,0,41,323,0,2,9,41,8,48,0,1,0,12999,87,244,11,319,1,1,1,0,0,1,9,1,0,0,0,201,1,https://app-nouveau-info-client.surge.sh/pages/region.html,1
1,1,1,0,0,1,0,0,1,0,0,34,87,0,41,323,0,2,9,41,8,48,0,1,0,12999,87,244,11,319,1,1,1,0,0,1,9,1,0,0,0,201,1,http://info-client-space-ca.surge.sh/pages/region.html,1
1,1,1,0,0,1,0,0,0,0,0,1,4,0,0,99,2,6,11,42,24,65,1,1,1,11005,4,72,73,35,1,1,1,0,0,1,18,1,0,0,0,13,1,https://ln.run/bsDnd,1
1,1,1,0,0,1,0,0,0,0,0,1,4,0,0,126,3,5,11,15,24,64,1,1,1,9649,4,72,73,35,1,1,1,0,0,1,18,1,0,0,0,13,1,https://ln.run/svPmh,1
1,1,1,0,0,1,0,0,0,0,0,1,4,0,0,128,0,0,11,36,24,56,1,1,1,9674,4,72,73,35,0,1,1,0,0,1,18,1,0,0,0,13,0,https://ln.run/SchuC,1
1,0,0,0,0,0,0,0,0,0,0,0,0,0,0,0,0,0,0,0,2,24,0,0,0,35,0,0,0,5,0,0,0,0,0,0,2,0,0,0,0,0,0,https://ulys-sms.com/,1
0,0,0,0,0,0,0,0,0,0,0,0,0,0,0,0,0,0,0,0,0,0,0,0,0,3096,0,0,0,0,0,0,0,0,0,0,0,0,0,0,0,0,0,https://0.gravatar.com/avatar/952933abc179482d29cb7d535bfe46bf8062af0e35ad7503b780706b0e93a32c,1
0,0,0,0,0,0,0,0,0,0,0,0,0,0,0,0,0,0,0,0,0,0,0,0,0,3041,0,0,0,0,0,0,0,0,0,0,0,0,0,0,0,0,0,https://0.gravatar.com/avatar/952933abc179482d29cb7d535bfe46bf8062af0e35ad7503b780706b0e93a32c?s=96&amp;d=identicon&amp;r=G,1
1,1,1,1,0,1,0,0,0,0,0,4,11,4,0,10,0,0,9,7,8,7,1,1,0,1145,0,16,1,59,0,1,0,0,0,0,18,1,0,0,0,25,0,https://atlantianpress.com/?gad_source=1&amp;gad_campaignid=23182792784&amp;gbraid=0AAAABB2801gsBApqSaLr8nxJ2XMVaL7YN&amp;gclid=EAIaIQobChMImbTLuf7nkAMVUk1HAR3rhy1kEAAYASAAEgK06fD_BwE,1
0,0,0,0,0,0,0,0,0,0,0,0,0,0,0,0,0,0,0,0,1,0,1,0,0,182,0,1,0,6,0,0,0,0,1,0,1,0,0,0,0,3,0,https://produbnkasistent.webcindario.com/,1
1,0,0,0,0,1,0,0,0,0,0,0,0,0,0,0,0,0,7,0,9,4,0,0,0,16,0,1,0,1,0,0,0,0,0,0,7,0,0,0,0,0,0,https://2flefh.share-eu1.hsforms.com/2uJsOqYQzQSmhHeWC0YdP9g,1
1,1,0,0,0,1,0,0,1,0,0,11,0,0,0,2,0,0,10,1,13,4,0,0,0,41,0,1,1,5,0,0,1,0,0,0,8,0,0,0,0,0,0,https://form.jotform.com/253114372085048,1
1,1,0,0,0,1,0,0,1,0,0,11,0,0,0,3,0,0,10,1,13,4,0,0,0,41,0,1,1,5,0,0,1,0,0,0,8,0,0,0,0,1,0,https://form.jotform.com/253074443398059,1
1,0,0,0,0,1,0,0,0,0,0,0,0,0,0,0,0,0,10,0,7,21,0,0,0,41,0,3,2,21,0,0,0,0,0,0,23,0,0,0,0,5,0,http://vsrtyufsdtyu.sitew.org.uk/,1
1,0,0,0,0,1,0,0,0,0,0,0,0,0,0,0,0,0,5,0,2,8,0,0,0,8,0,0,0,1,0,0,0,0,0,0,8,0,0,0,0,0,0,https://linqapp.com/broadandmail,1
1,1,1,0,0,1,0,0,0,0,0,1,29,0,0,195,0,0,26,214,25,60,1,0,1,19687,1,357,147,451,0,1,0,0,1,0,63,1,0,1,5,194,0,https://vinci-fr-reglement.com/,1
1,1,1,0,0,1,0,0,0,0,0,1,29,0,0,195,0,0,26,214,25,60,1,0,1,19932,1,357,146,453,0,1,0,0,1,0,63,1,0,1,5,195,0,https://vinci-fr-reglement.com/index.php,1
1,1,1,0,0,1,0,0,0,0,0,1,29,0,0,195,0,0,26,214,25,60,1,0,1,19932,1,357,146,453,0,1,0,0,1,0,63,1,0,1,5,195,0,https://vinci-fr-reglement.com/as.php,1
1,0,0,0,0,0,0,0,0,0,0,0,0,0,0,0,0,0,0,1,4,37,0,1,0,240,0,1,2,3,0,0,0,0,1,0,2,0,0,0,0,0,0,https://pichinchaapro.webcindario.com/,1
1,0,0,0,0,0,0,0,0,0,0,0,0,0,0,0,0,0,0,1,4,37,0,1,0,240,0,1,2,3,0,0,0,0,1,0,2,0,0,0,0,0,0,https://pichincha2025.webcindario.com/,1
1,0,0,0,0,0,0,0,0,0,0,0,0,0,0,0,0,0,0,1,4,37,0,1,0,240,0,1,2,3,0,0,0,0,1,0,2,0,0,0,0,0,0,https://avanzapichincha.webcindario.com/,1
1,0,0,0,0,0,0,0,0,0,0,0,0,0,0,0,0,0,0,1,4,37,0,1,0,240,0,1,2,3,0,0,0,0,1,0,2,0,0,0,0,0,0,https://credipichincha.webcindario.com/,1
1,0,0,0,0,0,0,0,0,0,0,0,0,0,0,0,0,0,0,1,4,37,0,1,0,240,0,1,2,3,0,0,0,0,1,0,2,0,0,0,0,0,0,https://servipichincha01.webcindario.com/?fbclid=IwY2xjawNzHotleHRuA2FlbQIxMABicmlkETFNb0FGQVZXV202MGlQQjNXAR7Wx_11bLhVi_SfQWqNdGWaYBZtZGMPotvW2tgsvVWPiXc_kpQ2nEP_2tAtJw_aem_FNjC4ob5fZh3FeuWACf48g,1
0,0,0,0,0,0,0,0,0,0,0,0,0,0,0,0,0,0,0,0,1,0,1,0,0,182,0,1,0,6,0,0,0,0,1,0,1,0,0,0,0,3,0,https://cred1pichincha.webcindario.com/,1
0,0,0,0,0,0,0,0,0,0,0,0,0,0,0,0,0,0,0,0,1,0,1,0,0,182,0,1,0,6,0,0,0,0,1,0,1,0,0,0,0,3,0,https://produbancoactiva.webcindario.com/,1
1,1,1,0,0,1,0,0,0,1,0,1,6,0,0,24,0,0,24,13,40,44,1,1,1,10266,0,161,32,392,0,1,1,0,1,0,11,1,0,0,1,56,0,https://convitedigitalone.com/,1
1,0,0,0,0,1,0,0,0,0,0,0,0,0,0,0,0,0,5,0,21,51,0,0,0,141,0,0,0,4,0,0,0,0,0,0,14,0,0,0,0,0,0,https://docs.google.com/presentation/d/e/2PACX-1vSTlfAf-QSiwnK-LHGTA6liH36uEKV4H95J4dLDoSRLUD2I5eqWaupHW3WCCXK0zpKWeVvz8mvATRLH/pub?start=false&amp;loop=false&amp;delayms=3000,1
1,0,0,0,0,1,0,0,0,0,0,0,0,0,0,0,0,0,5,0,21,51,0,0,0,141,0,0,0,4,0,0,0,0,0,0,14,0,0,0,0,0,0,https://docs.google.com/presentation/d/e/2PACX-1vSTlfAf-QSiwnK-LHGTA6liH36uEKV4H95J4dLDoSRLUD2I5eqWaupHW3WCCXK0zpKWeVvz8mvATRLH/pub?start=false&loop=false&delayms=3000,1
1,1,1,0,0,1,0,0,0,0,0,1,29,0,0,195,0,0,26,214,25,60,1,0,1,19932,1,357,146,453,0,1,0,0,1,0,63,1,0,1,5,195,0,https://fr-vinci-peage.com/,1
1,1,1,0,0,1,0,0,0,0,0,1,29,0,0,195,0,0,26,214,25,60,1,0,1,19932,1,357,146,453,0,1,0,0,1,0,63,1,0,1,5,195,0,https://fr-vinci-peage.com/as.php,1
1,0,0,1,0,0,0,0,0,0,0,0,0,1,0,3,0,0,0,3,0,11,0,1,0,493,0,4,0,12,0,0,0,0,0,0,3,0,0,0,0,0,0,https://www.mac-solutions.it/privacy-policy/,1
1,1,1,0,0,1,0,1,0,0,0,2,1,0,0,0,0,0,11,2,8,7,1,0,0,151,0,1,1,20,0,0,1,0,0,1,14,0,0,0,0,0,0,https://updatttemail0com1.framer.website/,1
1,0,0,0,0,0,0,0,0,0,0,0,0,0,0,0,0,0,0,0,0,7,0,0,0,7,0,0,0,0,0,0,0,0,0,0,3,0,0,0,0,0,0,https://ptsns24gov.com/pt/,1
1,0,0,0,0,0,0,0,0,0,0,0,0,0,0,0,0,0,0,0,0,7,0,0,0,7,0,0,0,0,0,0,0,0,0,0,3,0,0,0,0,0,0,http://sns24.govpot.com/pt/,1
1,1,1,0,1,1,0,0,1,0,0,8,1,0,0,2,0,1,6,0,27,7,0,0,0,117,0,4,1,54,0,0,1,0,0,1,7,0,0,0,0,11,1,https://qiolimerdain.weebly.com/,1
1,1,0,0,1,1,0,1,0,0,0,4,0,0,0,0,0,0,3,0,3,16,0,0,0,157,0,0,3,11,0,0,1,0,0,1,2,0,0,0,0,1,0,https://network-solution.webflow.io/,1
1,0,0,0,0,0,0,0,0,0,0,0,0,0,0,0,0,0,0,0,0,7,0,0,0,7,0,0,0,0,0,0,0,0,0,0,3,0,0,0,0,0,0,http://sns24gova.com/pt/,1
1,1,1,0,1,1,0,0,1,0,0,8,1,0,0,0,0,0,15,0,27,12,0,0,0,146,0,4,3,53,0,0,1,0,0,1,8,0,0,0,0,12,0,https://midwestbnk.weebly.com/,1
1,1,0,0,1,1,0,1,0,0,0,4,0,0,0,0,0,0,3,2,3,3,1,0,0,234,0,0,2,8,0,0,1,0,0,1,3,0,0,0,0,0,0,https://login-uthscsa-microsoftonl.webflow.io/,1
1,1,1,0,0,1,0,1,0,0,0,4,3,0,0,0,0,0,11,20,66,16,1,0,0,698,2,24,1,212,0,1,1,0,0,1,17,0,0,0,0,37,0,https://jonesmcduck464.wixsite.com/my-site-1,1
1,1,1,0,1,1,0,0,1,0,0,8,1,0,0,2,0,1,6,0,27,7,0,0,0,117,0,4,1,54,0,0,1,0,0,1,7,0,0,0,0,11,1,https://aweiomertial.weebly.com/,1
1,0,0,0,0,0,0,0,0,0,0,0,0,0,0,0,0,0,0,0,0,7,0,0,0,7,0,0,0,0,0,0,0,0,0,0,3,0,0,0,0,0,0,https://ctt-pti.uno/tracki/,1
1,0,0,0,0,0,0,0,0,0,0,0,0,0,0,0,0,0,0,0,0,7,0,0,0,7,0,0,0,0,0,0,0,0,0,0,3,0,0,0,0,0,0,https://sns24.govpou.com/pt/,1
1,0,0,0,0,0,0,0,0,0,0,0,0,0,0,0,0,0,0,0,0,7,0,0,0,7,0,0,0,0,0,0,0,0,0,0,3,0,0,0,0,0,0,https://sns24.govpotu.com/pt/,1
1,0,0,0,0,0,0,0,0,0,0,0,0,0,0,0,0,0,0,0,0,7,0,0,0,7,0,0,0,0,0,0,0,0,0,0,3,0,0,0,0,0,0,https://sns24.govptm.com/pt/,1
1,0,0,0,0,1,0,0,0,0,0,0,0,0,0,0,0,0,5,0,2,8,0,0,0,8,0,0,0,1,0,0,0,0,0,0,8,0,0,0,0,0,0,https://linqapp.com/1und1onos,1
0,0,0,0,0,0,0,0,0,0,0,0,0,0,0,0,0,0,0,0,0,0,0,0,0,23,0,0,0,0,0,0,0,0,0,0,0,0,0,0,0,0,0,https://m-relay-centre.com/,1
0,0,0,0,0,0,0,0,0,0,0,0,0,0,0,0,0,0,0,0,0,0,0,0,0,23,0,0,0,0,0,0,0,0,0,0,0,0,0,0,0,0,0,https://m-relay-centre.com/index,1
0,0,0,0,0,0,0,0,0,0,0,0,0,0,0,0,0,0,0,0,0,0,0,0,0,23,0,0,0,0,0,0,0,0,0,0,0,0,0,0,0,0,0,https://m-relay-centre.com/index.php,1
0,0,0,0,0,0,0,0,0,0,0,0,0,0,0,0,0,0,0,0,0,0,0,0,0,0,0,0,0,0,0,0,0,0,0,0,0,0,0,0,0,0,0,https://erialdglobalproperties.com/wp-content/maintenance/,1
0,0,0,0,0,0,0,0,0,0,0,0,0,0,0,0,0,0,0,0,0,0,0,0,0,0,0,0,0,0,0,0,0,0,0,0,0,0,0,0,0,0,0,https://valleyandroidtv.com/tradingview.valleyandroidtv.com/assets/,1
1,0,0,1,0,1,0,0,0,0,0,0,0,6,0,57,0,0,15,11,4,47,1,1,0,4590,0,57,2,89,0,1,0,1,1,0,8,0,0,0,0,15,0,https://us.mandates-ledger.com/,1
1,1,1,0,0,0,0,0,0,0,0,1,1,0,0,0,0,0,0,2,2,27,0,0,0,230,0,0,1,5,0,0,1,0,0,0,2,0,0,0,0,1,0,https://entropiez.com/,1
1,1,1,0,0,0,0,0,0,0,0,1,1,0,0,0,0,0,0,2,2,27,0,0,0,230,0,0,1,5,0,0,1,0,0,0,2,0,0,0,0,1,0,https://entropiez.com/pages-utilisateur/captcha.php,1
1,1,1,0,0,0,0,1,0,0,0,7,1,0,0,0,0,0,0,2,3,25,1,0,0,376,0,5,2,17,0,0,1,0,0,1,2,0,0,0,0,8,0,https://entropiez.com/pages-utilisateur/paiement.php,1
1,0,1,0,0,0,0,0,0,0,0,0,1,0,0,0,0,0,0,1,3,24,1,1,0,381,0,5,2,9,0,0,0,0,0,0,2,0,0,0,0,1,0,https://entropiez.com/pages-utilisateur/peage-impaye.php,1
1,0,0,0,0,0,0,0,0,0,0,0,0,0,0,0,0,0,0,0,2,24,0,0,0,35,0,0,0,5,0,0,0,0,0,0,2,0,0,0,0,0,0,https://ulys-secur.com/,1
0,0,0,0,0,0,0,0,0,0,0,0,0,0,0,0,0,0,0,0,0,0,0,0,0,0,0,0,0,0,0,0,0,0,0,0,0,0,0,0,0,0,0,https://nativecropcare.com/public/vendor/,1
1,0,0,0,0,1,0,0,0,0,0,0,0,0,0,0,0,0,21,0,10,102,0,0,0,102,0,0,0,4,0,0,0,0,0,0,18,0,0,0,0,0,0,https://eu.jotform.com/app/252495897046371.,1
1,1,0,0,1,1,0,0,0,0,0,3,0,0,0,0,0,0,3,1,3,21,1,0,0,599,0,0,2,8,0,0,1,0,0,1,3,0,0,0,0,0,0,https://bellsouth-att-sign-in-2c3004.webflow.io/,1
1,1,0,0,1,1,0,0,0,0,0,3,0,0,0,0,0,0,3,1,3,21,1,0,0,782,0,0,2,8,0,0,1,0,0,1,3,0,0,0,0,0,0,https://sbcglobal-att-signing-452b73.webflow.io/,1
1,1,0,0,1,0,0,0,1,0,0,10,0,0,0,0,0,1,0,1,6,6,0,0,0,188,0,18,1,12,0,0,1,0,0,0,2,0,0,0,0,8,1,https://ulys-consignes.com/,1
1,1,0,0,1,0,0,0,1,0,0,10,0,0,0,0,0,1,0,1,6,6,0,0,0,188,0,18,1,12,0,0,1,0,0,0,2,0,0,0,0,8,1,https://ulys-consignes.com/pages-utilisateur/captcha.php,1
1,1,0,0,1,0,0,0,1,0,0,10,0,0,0,0,0,1,0,1,6,6,0,0,0,188,0,18,1,12,0,0,1,0,0,0,2,0,0,0,0,8,1,https://ulys-consignes.com/pages-utilisateur/paiement.php,1
1,0,1,0,0,1,0,0,0,0,0,0,1,0,0,0,0,0,10,0,14,14,0,0,0,97,0,0,0,4,0,0,0,0,0,0,16,0,0,0,0,0,0,https://btinternetcomdjn-9xbx.glide.page/dl/66a29b,1
1,0,1,0,0,1,0,0,0,0,0,0,1,0,0,0,0,0,25,1,24,21,0,0,0,80,0,3,2,33,0,1,0,0,0,0,20,1,0,0,0,0,0,https://portfolio-kasyemz.format.com/jj,1
1,0,1,0,0,1,0,0,0,0,0,0,1,0,0,0,0,0,10,0,14,14,0,0,0,97,0,0,0,4,0,0,0,0,0,0,16,0,0,0,0,0,0,https://xbdhndd-r5bq.glide.page/,1
1,0,0,0,0,1,0,0,0,0,0,0,0,0,0,0,0,0,18,0,96,36,0,0,0,36,0,0,0,0,0,0,0,0,0,0,3,0,0,0,0,0,0,https://www.dropbox.com/scl/fi/ock3993l9g7443j2mjo3m/BT-EE-Upgrade-your-home-with-BT-Broadband.paper?rlkey=cmo0yjcckzgpo0wy8aymq0anp&st=1gwgx7mb&dl=0,1
0,0,0,0,0,0,0,0,0,0,0,0,0,0,0,0,0,0,0,0,0,0,0,0,0,610,0,0,0,0,0,0,0,0,0,0,0,0,0,0,0,0,0,https://us11.campaign-archive.com/?u=f1e6a09f1b61bdfc1412ccacc&id=0bb2cb0af0,1
0,1,0,0,0,1,0,0,0,0,0,1,0,0,0,55,0,35,3,2,2,0,1,0,0,3928,0,58,2,16,0,0,0,0,0,1,7,0,0,0,0,2,29,https://us8.campaign-archive.com/?u=18ed2f5226872ccb9c4817412&id=599b4e5f97,1
1,1,0,0,1,0,0,0,1,0,0,10,0,0,0,0,0,1,0,1,6,6,0,0,0,188,0,18,1,12,0,0,1,0,0,0,2,0,0,0,0,8,1,http://niceiphonecase.com/?GkXwIYdgrV,1
1,1,0,0,1,0,0,0,1,0,0,10,0,0,0,0,0,1,0,1,6,6,0,0,0,188,0,18,1,12,0,0,1,0,0,0,2,0,0,0,0,8,1,http://40westlabelgroup.com/?2RiyEXexHf,1
1,0,1,0,0,1,0,0,0,0,0,0,2,0,0,0,0,0,1,4,1,12,1,1,0,613,2,0,2,16,0,0,0,0,1,0,2,0,0,0,0,7,0,https://mijn.overheid.nl.berichtenbox.l2xqsqxmtxj6ebcfhhj15oq2ipcabw7kpns6ffwlxcutfz21kgd2.majorart.co.th/berichtenbox.php?3kd0ETqog0OaVLUaHVG3UZghEgI7rd96HY3hR6LG5smO9zLiQEQWwOzaQNl3Smff728UYnxGvsypmqQrEOr2XN0ObBNn967lPNSJ82kuGZ1d7bZf6DbAd7GAEWqjlcIizjP3Vz21qXJiNH4ZODK9XBsRHwdfDr2crZlTK83iS4jAtyULEOV4bO57OpUaxzWx5y7KvUTi1rbFEloT1YXuJWrtleiDwn7zrf9ros59LPQ6gXLMRrLW4NCB4B2NPlK0n4003Tr0aYGgLrfQrneulrSgZV9wjWe7KUbIoclv7T4V,1
1,0,1,0,0,1,0,0,0,0,0,0,2,0,0,0,0,0,1,4,1,12,1,1,0,613,2,0,2,16,0,0,0,0,1,0,2,0,0,0,0,7,0,https://mijn.overheid.nl.berichtenbox.l2xqsqxmtxj6ebcfhhj15oq2ipcabw7kpns6ffwlxcutfz21kgd2.majorart.co.th/,1
0,0,0,0,0,0,0,0,0,0,0,0,0,0,0,0,0,0,0,0,1,0,0,0,0,0,0,0,0,0,0,0,0,0,0,0,0,0,0,0,0,0,0,https://login.nxhcusp.cn/?Login=W254ja0eYRT8HTZ7oZbUFXwbuI,1
0,0,0,0,0,0,0,0,0,0,0,0,0,0,0,0,0,0,0,0,0,0,0,0,0,0,0,0,0,0,0,0,0,0,0,0,1,0,0,0,0,0,0,https://ag-info-client.surge.sh/,1
1,1,1,0,0,1,0,0,1,0,0,34,87,0,41,323,0,2,9,41,8,48,0,1,0,12999,87,244,11,319,1,1,1,0,0,1,9,1,0,0,0,201,1,https://ag-info-client.surge.sh/pages/region.html,1
1,1,1,0,0,1,0,0,1,0,0,8,2,0,0,88,0,0,53,27,37,12,0,1,1,4470,0,89,10,269,0,1,1,0,0,1,7,1,0,0,0,35,0,https://dbs-ae.com/index.html,1
1,1,1,0,0,1,0,0,0,0,0,1,29,0,0,195,0,0,26,214,25,60,1,0,1,19887,1,357,147,451,0,1,0,0,1,0,63,1,0,1,5,192,0,https://consignes-vinci.com/,1
1,1,1,0,0,1,0,0,0,0,0,1,29,0,0,195,0,0,26,214,25,60,1,0,1,19887,1,357,147,451,0,1,0,0,1,0,63,1,0,1,5,192,0,https://consignes-vinci.com/as.php,1
1,0,0,0,0,0,0,0,0,0,0,0,0,0,0,0,0,0,0,2,1,29,1,0,0,274,0,2,0,4,0,1,0,0,0,0,4,0,0,0,0,0,0,https://v-vpass-jp.ataneng.cn/,1
1,0,0,0,0,0,0,0,0,0,0,0,0,0,0,0,0,0,0,0,0,7,0,0,0,7,0,0,0,0,0,0,0,0,0,0,3,0,0,0,0,0,0,http://cttpti.com/tracki/,1
1,1,1,0,0,1,0,0,1,0,0,7,7,0,56,7,0,0,63,43,8,67,1,1,1,2604,5,24,15,117,1,0,1,0,0,1,20,0,0,0,0,27,0,https://idf-mobilites-fr.com/,1
1,0,0,0,0,0,0,0,0,0,0,0,0,0,0,0,0,0,0,0,2,9,0,0,0,9,0,0,0,2,0,0,1,0,0,0,2,0,0,0,0,0,0,https://idf-mobilites-fr.com/captcha.php,1
1,1,1,0,0,1,0,0,1,0,0,7,7,0,56,7,0,0,63,43,8,67,1,1,1,2604,5,24,15,117,1,0,1,0,0,1,20,0,0,0,0,27,0,https://idf-mobilites-fr.com/index.php,1
1,0,1,0,0,1,0,0,0,0,0,0,2,0,0,0,0,0,1,4,1,12,1,1,0,613,2,0,2,16,0,0,0,0,1,0,2,0,0,0,0,7,0,https://mijn.overheid.nl.berichtenbox.services.majorart.co.th/berichtenbox.php?3kd0ETqog0OaVLUaHVG3UZghEgI7rd96HY3hR6LG5smO9zLiQEQWwOzaQNl3Smff728UYnxGvsypmqQrEOr2XN0ObBNn967lPNSJ82kuGZ1d7bZf6DbAd7GAEWqjlcIizjP3Vz21qXJiNH4ZODK9XBsRHwdfDr2crZlTK83iS4jAtyULEOV4bO57OpUaxzWx5y7KvUTi1rbFEloT1YXuJWrtleiDwn7zrf9ros59LPQ6gXLMRrLW4NCB4B2NPlK0n4003Tr0aYGgLrfQrneulrSgZV9wjWe7KUbIoclv7T4V,1
1,0,0,0,0,0,0,0,0,0,0,0,0,0,0,0,0,0,0,0,0,16,0,0,0,220,0,0,1,4,0,0,0,0,0,0,2,0,0,0,0,0,0,https://mon-espace.fortuneo.fr.naitstudentrentals.com/authentification/index.php?authType=sso&amp;client_id=dc8a772e8411edf5ab&amp;state=4ee19be1bf1e0f5e3877959595169e94500e5c0e62d4462de4b7824c51ebde3a&amp;nonce=fdb9bcf913f9ea305c3a407490c37dd7&amp;display=&amp;response_type=code&amp;scope=580904e10e0c&amp;prompt=espace,1
0,0,0,0,0,0,0,0,0,0,0,0,0,0,0,0,0,0,0,0,0,0,0,0,0,0,0,0,0,0,0,0,0,0,0,0,1,0,0,0,0,0,0,https://notifica-c.surge.sh/,1
1,1,1,0,0,1,0,0,1,0,0,34,87,0,41,323,0,2,9,41,8,48,0,1,0,12999,87,244,11,319,1,1,1,0,0,1,9,1,0,0,0,201,1,https://notifica-c.surge.sh/pages/region.html,1
0,0,0,0,0,0,0,0,0,0,0,0,0,0,0,0,0,0,0,0,0,0,0,0,0,0,0,0,0,0,0,0,0,0,0,0,1,0,0,0,0,0,0,https://assistance-info-a.surge.sh/,1
1,1,1,0,0,1,0,0,1,0,0,34,87,0,41,323,0,2,9,41,8,48,0,1,0,12999,87,244,11,319,1,1,1,0,0,1,9,1,0,0,0,201,1,https://assistance-info-a.surge.sh/pages/region.html,1
1,1,1,0,0,1,0,0,0,0,0,1,29,0,0,195,0,0,26,214,25,60,1,0,1,19881,1,357,147,451,0,1,0,0,1,0,63,1,0,1,5,192,0,https://reglementpeages-fr.com/,1
1,1,1,0,0,1,0,0,0,0,0,1,29,0,0,195,0,0,26,214,25,60,1,0,1,19881,1,357,147,451,0,1,0,0,1,0,63,1,0,1,5,192,0,https://reglementpeages-fr.com/as.php,1
0,0,0,0,0,0,0,0,0,0,0,0,0,0,0,0,0,0,0,0,0,0,0,0,0,0,0,0,0,0,0,0,0,0,0,0,1,0,0,0,0,0,0,https://mbq-serv-ca-fr.surge.sh/,1
1,1,1,0,0,1,0,0,1,0,0,34,87,0,41,323,0,2,9,41,8,48,0,1,0,12999,87,244,11,319,1,1,1,0,0,1,9,1,0,0,0,201,1,https://mbq-serv-ca-fr.surge.sh/pages/region.html,1
0,0,0,0,0,0,0,0,0,0,0,0,0,0,0,0,0,0,0,0,0,0,0,0,0,0,0,0,0,0,0,0,0,0,0,0,1,0,0,0,0,0,0,https://app-info-c-service.surge.sh/,1
1,1,1,0,0,1,0,0,1,0,0,34,87,0,41,323,0,2,9,41,8,48,0,1,0,12999,87,244,11,319,1,1,1,0,0,1,9,1,0,0,0,201,1,https://app-info-c-service.surge.sh/pages/region.html,1
0,0,0,0,0,0,0,0,0,0,0,0,0,0,0,0,0,0,0,0,1,0,0,0,0,0,0,0,0,0,0,0,0,0,0,0,0,0,0,0,0,0,0,https://www.cjhicp.cn/?Login=Ji5rR7Z9GdoZxOhy7fPinpChaV,1
1,1,1,0,0,1,0,0,0,0,0,1,29,0,0,195,0,0,26,214,25,60,1,0,1,19881,1,357,147,451,0,1,0,0,1,0,63,1,0,1,5,192,0,https://vinci-peageimpaye.com/,1
1,1,1,0,0,1,0,0,0,0,0,1,29,0,0,195,0,0,26,214,25,60,1,0,1,19881,1,357,147,451,0,1,0,0,1,0,63,1,0,1,5,192,0,https://vinci-peageimpaye.com/as.php,1
1,1,0,0,0,1,1,0,1,0,0,6,0,0,0,0,0,0,1,2,4,7,0,0,0,161,0,0,3,16,0,0,0,0,1,0,4,0,0,0,0,4,0,https://ipfs.io/ipfs/bafkreiebqrigequ4ldgd6nfwessfxrxxl4r3bjzwgfqmqpx6aqe2w7qo7i,1
0,0,0,0,0,0,0,0,0,0,0,0,0,0,0,0,0,0,0,0,0,0,0,0,0,0,0,0,0,0,0,0,0,0,0,0,1,0,0,0,0,0,0,https://gnongon-daimain.surge.sh/,1
1,1,1,0,0,1,0,0,1,0,0,34,87,0,41,323,0,2,9,41,8,48,0,1,0,12999,87,244,11,319,1,1,1,0,0,1,9,1,0,0,0,201,1,https://gnongon-daimain.surge.sh/pages/region.html,1
0,0,0,0,0,0,0,0,0,0,0,0,0,0,0,0,0,0,0,0,0,0,0,0,0,0,0,0,0,0,0,0,0,0,0,0,1,0,0,0,0,0,0,https://gnoumentke-themogo-maloro.surge.sh/,1
1,1,1,0,0,1,0,0,1,0,0,34,87,0,41,323,0,2,9,41,8,48,0,1,0,12999,87,244,11,319,1,1,1,0,0,1,9,1,0,0,0,201,1,https://gnoumentke-themogo-maloro.surge.sh/pages/region.html,1
1,0,1,0,0,0,0,0,0,0,0,0,2,0,0,0,0,0,0,3,2,21,1,0,0,229,0,1,2,3,0,0,0,0,0,0,5,0,0,0,0,1,0,https://www.ynzaog.cn/,1
1,1,1,0,0,1,0,1,1,0,0,30,7,0,0,61,0,2,11,22,12,17,1,1,1,6020,2,121,13,156,4,1,1,1,0,1,3,1,0,0,0,63,1,https://digitalintrade.com/SV-buknews-CR/?s2=c4eb530c-71f5-466f-b475-569e103ac4c9&amp;s3=IwZXh0bgNhZW0BMABhZGlkAasppHhudcRzcnRjBmFwcF9pZAo2NjI4NTY4Mzc5AAEeyVlJjJxd_Pz0Q3XcuRjaHiEeg6M47NHj9mNtJc7VOnOxz_w-ou5GhQtgOHM_aem_kB7fq_NRYKQu-AMy3Ojs_A&amp;s4=01727ab4-7fa7-47cf-8234-b7823e555e69&amp;s5=xm2eebbcbde2t1tsetqcj&amp;fbclid=IwVERFWAN7TcJleHRuA2FlbQEwAGFkaWQBqymkeG51xHNydGMGYXBwX2lkCjY2Mjg1NjgzNzkAAR7JWUmMnF38_PRDddy5GNoeIR6Dozjs0eP2Y20lztU6c7HP_D6i7kaFC2A4cw_aem_kB7fq_NRYKQu-AMy3Ojs_A,1
1,1,1,0,0,1,0,0,1,0,0,4,4,0,0,23,0,0,5,2,4,9,0,0,0,184,2,25,4,30,1,1,1,0,0,0,12,1,0,0,0,16,0,http://cncllcus4sv.odoo.com/c4ncaardebsv,1
1,0,0,0,0,1,0,0,0,0,0,0,0,0,0,0,0,0,4,2,6,46,0,0,0,181,0,8,0,30,0,0,0,0,1,0,20,1,0,0,0,0,0,https://new.express.adobe.com/webpage/qkf6YNW1wxsaM,1
1,1,1,0,0,1,1,1,0,0,0,4,1,0,0,7,0,0,12,5,11,13,1,1,0,590,0,14,1,32,0,1,1,0,0,0,4,0,0,0,0,7,0,https://joelosteen12645-creator.github.io/ok/#%5Bemail,1
0,0,0,0,0,0,0,0,0,0,0,0,0,0,0,0,0,0,0,0,1,0,1,0,0,182,0,1,0,6,0,0,0,0,1,0,1,0,0,0,0,3,0,https://ecuadoravanza.webcindario.com/,1
1,1,1,0,0,1,0,0,0,0,0,1,1,0,0,1,0,0,22,1,49,18,1,0,0,237,0,3,3,27,0,0,0,0,0,1,17,0,0,0,0,1,0,https://coinbass-proologi-in.gitbook.io/us/,1
1,0,0,0,0,1,0,0,0,0,0,0,0,0,0,0,0,0,3,0,3,59,0,0,0,59,0,1,1,0,0,0,0,0,0,0,4,0,0,0,0,0,0,https://help--logie--kucuie.webflow.io/,1
1,1,1,0,1,1,0,0,1,0,0,8,1,0,0,10,0,0,11,0,24,4,0,1,0,242,0,14,2,61,0,0,1,0,0,1,7,0,0,0,0,10,0,https://vipgiveawaycf.weebly.com/,1
1,1,1,0,1,1,0,0,1,0,0,8,1,0,0,0,0,2,7,0,24,19,0,1,0,187,0,5,3,62,0,0,1,0,0,1,8,0,0,0,0,13,2,https://verify-index-mail.weebly.com/,1
1,1,1,0,0,1,0,0,0,0,0,3,1,0,0,1,0,0,9,4,6,16,1,0,0,540,0,8,2,60,0,0,1,0,0,1,16,1,0,0,0,3,0,https://site-0m7nsn68e.godaddysites.com/,1
1,1,1,0,1,1,0,0,1,0,0,8,1,0,0,0,0,0,14,0,26,32,0,0,0,166,0,5,3,54,0,0,1,0,0,1,8,0,0,0,0,10,0,https://mygrandsavings-acc-sec.weebly.com/,1
1,1,1,0,1,1,0,0,1,0,0,8,1,0,0,0,0,1,16,0,26,7,0,0,0,299,0,6,3,57,0,0,1,0,0,1,8,0,0,0,0,13,1,https://jhdmhqwertyuikjvcxcv.weebly.com/,1
1,1,1,0,1,1,0,0,1,0,0,8,1,0,0,0,0,0,14,0,26,32,0,0,0,166,0,5,3,54,0,0,1,0,0,1,8,0,0,0,0,10,0,https://grandsavings-acc-sec.weebly.com/,1
1,1,1,0,1,1,0,0,1,0,0,9,1,0,0,10,0,1,12,0,26,4,0,1,0,270,0,15,3,59,0,0,1,0,0,1,8,0,0,0,0,17,1,https://gfgrgw1.weebly.com/,1
1,1,1,0,1,1,0,0,1,0,0,8,1,0,0,6,0,0,14,0,27,37,0,0,0,393,0,11,3,54,0,0,1,0,0,1,8,0,0,0,0,10,0,https://forterasecure.weebly.com/,1
1,1,1,0,1,1,0,0,1,0,0,8,2,0,0,0,0,1,8,0,29,4,0,0,0,150,0,4,2,56,0,0,1,0,0,1,7,0,0,0,0,11,1,https://dns86.weebly.com/,1
1,1,1,0,1,1,0,0,1,0,0,9,1,0,0,0,0,0,15,0,26,4,0,0,0,184,0,6,1,56,0,0,1,0,0,1,7,0,0,0,0,18,0,https://centurybnkt.weebly.com/,1
1,1,1,0,1,1,0,0,1,0,0,8,1,0,0,2,0,0,15,0,27,10,0,1,0,191,0,7,3,46,0,0,1,0,0,1,8,0,0,0,0,10,0,https://8digitalvfcu.weebly.com/,1
1,1,1,0,1,1,0,0,1,0,0,8,1,0,0,12,0,0,14,0,27,5,0,1,0,230,0,16,3,46,0,0,1,0,0,1,8,0,0,0,0,12,0,https://0nllnec0mm0nbiank.weebly.com/,1
1,1,1,0,0,1,0,0,1,0,0,4,4,0,0,21,0,0,5,2,4,22,0,0,0,195,2,23,4,30,1,1,1,0,0,0,15,1,0,0,0,14,0,http://dennegaraccees0.odoo.com/,1
1,0,0,0,0,1,0,0,0,0,0,0,0,0,0,0,0,0,5,1,4,20,1,0,0,104,0,7,2,27,0,0,0,0,0,0,16,0,0,0,0,3,0,https://linksta.cc/@dfghjytrfg,1
0,1,1,0,0,1,0,0,0,0,0,4,6,0,0,0,0,0,6,4,2,0,0,0,0,988,4,3,4,73,0,0,1,0,0,0,9,0,0,1,13,15,0,https://23560756-laurielaird1-7fmpk.sitebeat.crazydomains.com/,1
1,0,0,0,0,1,0,0,0,0,0,0,0,0,0,0,0,0,9,2,31,17,0,0,0,52,0,1,0,29,0,0,0,0,0,0,10,0,0,0,0,4,0,https://link-1762600269.allvaluelink.com/btinternetwebmail,1
0,0,0,0,0,0,0,0,0,0,0,0,0,0,0,0,0,0,0,0,0,0,0,0,0,610,0,0,0,0,0,0,0,0,0,0,0,0,0,0,0,0,0,https://us4.campaign-archive.com/?u=b8c0eca3fa8cfd6b2667e4831&id=94d6670fa8,1
1,1,1,0,0,1,0,0,0,0,0,1,29,0,0,195,0,0,26,214,25,60,1,0,1,19918,1,357,146,451,0,1,0,0,1,0,63,1,0,1,5,193,0,https://vinci-ulys-client.com/,1
1,1,1,0,0,1,0,0,0,0,0,1,29,0,0,195,0,0,26,214,25,60,1,0,1,19918,1,357,146,451,0,1,0,0,1,0,63,1,0,1,5,193,0,https://vinci-ulys-client.com/as.php,1
1,0,0,0,0,1,0,0,0,0,0,0,0,0,0,0,0,0,5,0,15,29,0,0,0,29,0,0,0,14,0,0,0,0,1,0,7,0,0,0,0,0,0,https://preview.webflow.com/preview/maxs-dynamite-site-c8da36?utm_medium=preview_link&utm_source=designer&utm_content=maxs-dynamite-site-c8da36&preview=16c7c013adba9ab86019132ba6f57f5b&workflow=sitePreview,1
1,1,1,0,0,1,0,0,0,0,0,1,29,0,0,195,0,0,26,214,25,60,1,0,1,19918,1,357,146,451,0,1,0,0,1,0,63,1,0,1,5,193,0,https://vinci-client-ulys.com/,1
1,1,1,0,0,1,0,0,0,0,0,1,29,0,0,195,0,0,26,214,25,60,1,0,1,19918,1,357,146,451,0,1,0,0,1,0,63,1,0,1,5,193,0,https://vinci-client-ulys.com/as.php,1
1,1,1,0,0,1,0,0,0,0,0,1,29,0,0,195,0,0,26,214,25,60,1,0,1,19918,1,357,146,451,0,1,0,0,1,0,63,1,0,1,5,193,0,https://client-ulys-vinci.com/,1
1,1,1,0,0,1,0,0,0,0,0,1,29,0,0,195,0,0,26,214,25,60,1,0,1,19918,1,357,146,451,0,1,0,0,1,0,63,1,0,1,5,193,0,https://client-ulys-vinci.com/as.php,1
1,0,0,0,0,1,0,0,0,0,0,0,0,0,0,0,0,0,5,1,4,33,1,0,0,114,0,7,3,14,0,0,0,0,0,0,15,0,0,0,0,3,0,https://linksta.cc/@trgfhhjr,1
1,1,1,0,0,1,0,0,0,0,0,1,29,0,0,195,0,0,26,214,25,60,1,0,1,19918,1,357,146,451,0,1,0,0,1,0,63,1,0,1,5,193,0,https://mrelay-infos.com/as.php,1
1,0,0,0,0,0,0,0,0,0,0,0,0,0,0,0,0,0,0,2,1,29,1,0,0,274,0,2,0,4,0,1,0,0,0,0,4,0,0,0,0,0,0,https://www3-vpass-jp.sifangfund.com/,1
1,0,0,0,0,0,0,0,0,0,0,0,0,0,0,0,0,0,0,2,1,29,1,0,0,274,0,2,0,4,0,1,0,0,0,0,4,0,0,0,0,0,0,https://www3-vpass-jp.qujuanle.com/,1
1,0,0,0,0,0,0,0,0,0,0,0,0,0,0,0,0,0,0,2,1,29,1,0,0,274,0,2,0,4,0,1,0,0,0,0,4,0,0,0,0,0,0,https://www3-vpass-jp.huamai888.com/,1
1,0,0,0,0,0,0,0,0,0,0,0,0,0,0,0,0,0,0,2,1,29,1,0,0,274,0,2,0,4,0,1,0,0,0,0,4,0,0,0,0,0,0,https://www3-vpass-jp.tuhongdaijia.com/,1
1,0,0,0,0,0,0,0,0,0,0,0,0,0,0,0,0,0,0,2,1,29,1,0,0,274,0,2,0,4,0,1,0,0,0,0,4,0,0,0,0,0,0,https://v-vpass-jp.dongqingcaiwu.com/,1
1,0,0,0,0,0,0,0,0,0,0,0,0,0,0,0,0,0,0,2,1,29,1,0,0,274,0,2,0,4,0,1,0,0,0,0,4,0,0,0,0,0,0,https://v-vpass-jp.jsyazhuoxxjc.com/,1
1,0,0,0,0,0,0,0,0,0,0,0,0,0,0,0,0,0,0,2,1,29,1,0,0,274,0,2,0,4,0,1,0,0,0,0,4,0,0,0,0,0,0,https://www3-vpass-jp.tushenbao.com/,1
1,0,0,0,0,0,0,0,0,0,0,0,0,0,0,0,0,0,0,2,1,29,1,0,0,274,0,2,0,4,0,1,0,0,0,0,4,0,0,0,0,0,0,https://www3-vpass-jp.boyanzhixing.com/,1
1,0,0,0,0,0,0,0,0,0,0,0,0,0,0,0,0,0,0,2,1,29,1,0,0,274,0,2,0,4,0,1,0,0,0,0,4,0,0,0,0,0,0,https://www3-vpass-jp.lydlnbearing.com/,1
0,0,0,0,0,0,0,0,0,0,0,0,0,0,0,0,0,0,0,0,0,0,0,0,0,0,0,0,0,0,0,0,0,0,0,0,1,0,0,0,0,0,0,https://info-reference-2025.surge.sh/,1
1,0,0,0,0,1,0,0,0,0,0,0,0,0,0,0,0,0,7,0,11,22,0,0,0,22,0,0,0,1,0,0,0,0,0,0,11,0,0,0,0,0,0,https://fombntrq.click/,1
1,0,0,0,0,1,0,0,0,0,0,0,0,0,0,0,0,0,7,0,11,22,0,0,0,22,0,0,0,1,0,0,0,0,0,0,11,0,0,0,0,0,0,https://coiinigdstr.click/,1
1,0,0,0,0,1,0,0,0,0,0,0,0,0,0,0,0,0,7,0,11,22,0,0,0,22,0,0,0,1,0,0,0,0,0,0,11,0,0,0,0,0,0,https://coiinitr.click/,1
1,1,1,0,0,1,1,0,1,0,0,9,7,0,0,15,0,0,2,7,4,15,1,1,1,1079,5,18,4,21,0,1,1,0,0,1,10,1,0,0,0,6,0,https://basvurgirisportalasamasi0.click/hizligirisiniz.php,1
1,0,0,0,0,1,0,0,0,0,0,0,0,0,0,0,0,0,21,0,10,21,0,0,0,21,0,0,0,4,0,0,0,0,0,0,17,0,0,0,0,0,0,https://www.jotform.com/app/253108374457157,1
1,1,1,0,0,1,0,0,0,0,0,1,29,0,0,195,0,0,26,214,25,60,1,0,1,19918,1,357,146,451,0,1,0,0,1,0,63,1,0,1,5,193,0,https://suivi-colis-co.info/,1
1,1,1,0,0,1,0,0,0,0,0,1,29,0,0,195,0,0,26,214,25,60,1,0,1,19722,1,357,146,451,0,1,0,0,1,0,63,1,0,1,5,195,0,https://suivi-colis-co.info/as.php,1
1,0,0,0,0,1,0,0,0,0,0,0,0,0,0,0,0,0,3,0,32,21,0,0,0,21,0,0,1,0,0,0,0,0,0,0,20,0,0,0,0,0,0,https://de514e0e4r0er.bubbleapps.io/version-test,1
1,1,1,0,0,1,0,0,0,0,0,1,29,0,0,195,0,0,26,214,25,60,1,0,1,19722,1,357,146,451,0,1,0,0,1,0,63,1,0,1,5,195,0,https://supports-ulys.com/,1
1,1,1,0,0,1,0,0,0,0,0,1,29,0,0,195,0,0,26,214,25,60,1,0,1,19722,1,357,146,451,0,1,0,0,1,0,63,1,0,1,5,195,0,https://supports-ulys.com/as.php,1
1,0,0,0,0,1,0,0,0,0,0,0,0,0,0,0,0,0,9,1,31,10,0,0,0,44,0,1,0,29,0,0,0,0,0,0,10,0,0,0,0,3,0,https://link-1762525731.allvaluelink.com/sbjsdbjsbh,1
1,0,0,0,0,1,0,0,0,0,0,0,0,0,0,0,0,0,9,1,31,5,0,0,0,39,0,1,0,29,0,0,0,0,0,0,10,0,0,0,0,3,0,https://link-1762515069.allvaluelink.com/bbttf,1
1,0,0,0,0,1,0,0,0,0,0,0,0,0,0,0,0,0,9,1,31,5,0,0,0,39,0,1,0,29,0,0,0,0,0,0,10,0,0,0,0,3,0,https://link-1762447961.allvaluelink.com/bmmne,1
1,1,1,0,0,1,1,1,0,0,0,2,2,0,0,0,0,0,5,1,26,43,1,0,0,256,1,3,3,20,0,1,1,0,0,0,12,0,0,0,0,6,0,https://appespacemanager.artextende.com/Kundenlogin.php,1
1,1,1,0,0,1,0,1,0,0,0,6,1,0,0,0,0,0,3,2,1,7,1,0,0,2633,0,5,1,48,0,0,1,0,0,1,6,0,0,0,0,0,0,http://oesa.or.th/two.html,1
